                 U nn::ro::detail::g_pAutoLoadList
                 U nn::ro::detail::g_LookupGlobalManualFunctionPointer
0000000000000000 T __code_start__
0000000000000000 T __module_start
0000000000000000 a __start__
0000000000000000 t __text_start__
0000000000000020 t entrypoint
0000000000000030 t get_module_info
0000000000000038 t __get_module_start_shim
0000000000000068 t bssclr_start
0000000000000074 t bss_loop
00000000000000b0 0000000000000080 t rtld::lookup_global_auto(char const*)
0000000000000100 a CTX_STACK_BASE_SIZE
0000000000000130 000000000000008c t __rtld_lazy_bind_symbol
00000000000001c0 00000000000000d4 t rtld::ModuleObject::GetSymbolByName(char const*)
0000000000000200 a CTX_STACK_FLOAT_SIZE
00000000000002a0 0000000000000148 t rtld::ModuleObject::TryResolveSymbol(unsigned long*, Elf64_Sym*)
00000000000003f0 0000000000000168 t exl_relocate_self
0000000000000560 000000000000003c t __rtld_elf_hash
00000000000005a0 0000000000000068 t IsaacModRuntime_RebuildContentMountPointsRelay
0000000000000610 0000000000000104 t bool (anonymous namespace)::VerifyGameEntry<16ul>(TargetModule const&, unsigned long, std::array<unsigned char, 16ul> const&, unsigned long*)
0000000000000720 0000000000000214 t GameFileReader::VerifyBindings(TargetModule const&, GameFileReader::Bindings*)
0000000000000940 0000000000000170 t GameFileReader::ReadTextFile(GameFileReader::Bindings const&, char const*, unsigned char*, unsigned long, unsigned long*)
0000000000000ab0 000000000000008c t (anonymous namespace)::IsReadableNonExecutableMapping(unsigned long, unsigned long)
0000000000000b3c 0000000000000034 t (anonymous namespace)::RecordGameOwnerObservation(GameOwnerObservation)
0000000000000b70 0000000000000094 t (anonymous namespace)::IsMappedRxModuleCodeWindow(unsigned long, unsigned long) [clone .constprop.0]
0000000000000c04 00000000000000e0 t ObserveGameIsPaused(unsigned long, unsigned long)
0000000000000ce4 00000000000000b4 t ReadCurrentGameLevelStage(unsigned long, unsigned int*)
0000000000000d98 00000000000000e0 t ReadCurrentGameItemPool(unsigned long, void**)
0000000000000e78 0000000000000110 t ReadCurrentGameRoom(unsigned long, void**)
0000000000000f88 0000000000000070 t ReadCurrentGameRoomType(unsigned long, unsigned int*)
0000000000000ff8 00000000000000e0 t ObserveGameIsGreedMode(unsigned long, unsigned long)
00000000000010d8 00000000000000dc t ObserveLevelIsAscent(unsigned long, unsigned long)
00000000000011b4 0000000000000044 t (anonymous namespace)::PackModLoadDiagnostics(isaac::runtime::ModLoadFailure const&)
00000000000011f8 0000000000000010 t (anonymous namespace)::RecordRenderPresentRelayInstall(RenderPresentRelayInstallResult)
0000000000001208 0000000000000090 t (anonymous namespace)::IsMappedRxModuleCodeWindow(unsigned long, unsigned long)
0000000000001298 000000000000001c t (anonymous namespace)::ObserveGameStart(void*, unsigned int)
00000000000012b4 000000000000002c t EntryRelayManagerRenderCallback::{lambda(IsaacRepentance::Manager*)#1}::_FUN(IsaacRepentance::Manager*)
00000000000012e0 0000000000000014 t (anonymous namespace)::ManagerRenderHook::Callback(IsaacRepentance::Manager*)::{lambda(IsaacRepentance::Manager*)#1}::_FUN(IsaacRepentance::Manager*)
00000000000012f4 0000000000000204 t (anonymous namespace)::LoadDefaultManifestModThroughService(unsigned int*) [clone .constprop.0]
00000000000014f8 0000000000000124 t (anonymous namespace)::ManagerUpdateHook::Callback(IsaacRepentance::Manager*)
000000000000161c 0000000000000098 t (anonymous namespace)::DispatchModPostRender(void*)
00000000000016b4 0000000000000030 t IsaacModRuntime_DispatchPostRenderBeforePresent
00000000000016e4 0000000000000080 t IsaacModRuntime_PresentGotSlotIntercept
0000000000001764 0000000000000080 t (anonymous namespace)::RenderHookBody(IsaacRepentance::Manager*, void (*)(IsaacRepentance::Manager*))
00000000000017e4 000000000000000c t (anonymous namespace)::ManagerRenderHook::Callback(IsaacRepentance::Manager*)
00000000000017f0 0000000000000038 t TargetModule::Contains(unsigned long, unsigned long) const
0000000000001828 00000000000000dc T IsaacModRuntime_GetHookDiagnostics
0000000000001904 000000000000000c t EntryRelayManagerRenderCallback
0000000000001910 0000000000000004 t EntryRelayManagerUpdateCallback
0000000000001914 0000000000000048 t PublishEntryRelayOriginals(TargetModule const&)
000000000000195c 0000000000000038 t verify_bytes(unsigned char const*, unsigned char const*, unsigned long)
0000000000001994 00000000000000e4 t auto (anonymous namespace)::VerifyGameStartRelay(TargetModule const&, unsigned long*)::{lambda(unsigned long, auto:1 const&, unsigned long, auto:2 const&)#1}::operator()<std::array<unsigned char, 4ul>, std::array<unsigned char, 80ul> >(unsigned long, std::array<unsigned char, 4ul> const&, unsigned long, std::array<unsigned char, 80ul> const&) const
0000000000001a78 00000000000000a4 t VerifyRngBindings(TargetModule const&, unsigned long*, unsigned long*)::{lambda(unsigned long, unsigned char const*, unsigned long, unsigned long*)#1}::operator()(unsigned long, unsigned char const*, unsigned long, unsigned long*) const [clone .constprop.0] [clone .isra.0]
0000000000001b1c 00000000000000a4 t VerifyMusicBindings(TargetModule const&, unsigned long*, unsigned long*, unsigned long*)::{lambda(unsigned long, unsigned char const*, unsigned long, unsigned long*)#1}::operator()(unsigned long, unsigned char const*, unsigned long, unsigned long*) const [clone .constprop.0] [clone .isra.0]
0000000000001bc0 0000000000000164 t VerifyManagerRelay(TargetModule const&, unsigned long, unsigned long*)
0000000000001d24 0000000000000164 t VerifyManagerRenderRelay(TargetModule const&, unsigned long, unsigned long*)
0000000000001e88 00000000000000f4 t VerifyGameOwnerSlot(TargetModule const&, unsigned long*)
0000000000001f7c 000000000000007c t EntryRelayPreGetCollectibleCallback
0000000000001ff8 000000000000001c t EntryRelayRebuildMountPointsCallback
0000000000002014 0000000000000020 W bool std::operator==<unsigned char, 32ul>(std::array<unsigned char, 32ul> const&, std::array<unsigned char, 32ul> const&)
0000000000002034 00000000000000b4 t VerifyManagerUpdate(TargetModule const&, unsigned long*)
00000000000020e8 00000000000000b4 t VerifyManagerRender(TargetModule const&, unsigned long*)
000000000000219c 0000000000000114 t TryInstallManagerRenderHook(TargetModule const&)
00000000000022b0 00000000000000e0 t VerifyGameIsPausedThunk(TargetModule const&, unsigned long*)
0000000000002390 00000000000000e0 t VerifyGameIsGreedMode(TargetModule const&, unsigned long*)
0000000000002470 00000000000000e0 t VerifyLevelIsAscent(TargetModule const&, unsigned long*)
0000000000002550 00000000000000e0 t VerifyManagerIsActionTriggered(TargetModule const&, unsigned long*)
0000000000002630 00000000000000e0 t VerifyManagerIsActionPressed(TargetModule const&, unsigned long*)
0000000000002710 00000000000000e0 t VerifyManagerGetActionValue(TargetModule const&, unsigned long*)
00000000000027f0 00000000000000cc t VerifyMusicBindings(TargetModule const&, unsigned long*, unsigned long*, unsigned long*)
00000000000028bc 000000000000009c t VerifyRngBindings(TargetModule const&, unsigned long*, unsigned long*)
0000000000002958 000000000000003c t TryInstallRngBindings(TargetModule const&)
0000000000002994 000000000000020c t TryInstallManagerPresentGotSlot(TargetModule const&)
0000000000002ba0 00000000000001c4 t TryInstallManagerPresentRelay(TargetModule const&)
0000000000002d64 00000000000001dc t TryInstallRebuildMountPointsRelay(TargetModule const&)
0000000000002f40 0000000000000140 t TryInstallGameStartRelay(TargetModule const&)
0000000000003080 000000000000020c t TryInstallPreGetCollectibleRelay(TargetModule const&)
000000000000328c 0000000000000104 t bool VerifyBindingTable<LuaRuntime::LuaFontBindings, 15ul>(TargetModule const&, std::array<BindingGuardEntry, 15ul> const&, LuaRuntime::LuaFontBindings*)
0000000000003390 0000000000000010 t VerifyFontBindings(TargetModule const&, LuaRuntime::LuaFontBindings*)
00000000000033a0 0000000000000104 t bool VerifyBindingTable<LuaRuntime::LuaSpriteBindings, 21ul>(TargetModule const&, std::array<BindingGuardEntry, 21ul> const&, LuaRuntime::LuaSpriteBindings*)
00000000000034a4 0000000000000010 t VerifySpriteBindings(TargetModule const&, LuaRuntime::LuaSpriteBindings*)
00000000000034b4 0000000000000168 t PublishManagerEngineBindings(TargetModule const&)
000000000000361c 00000000000001d4 t TryInstallDefaultManifestMod(TargetModule const&)
00000000000037f0 000000000000013c t TryInstallManagerUpdateHook(TargetModule const&)
000000000000392c 0000000000000040 t _GLOBAL__sub_I_hook_manager.cpp
000000000000396c 0000000000000014 t _GLOBAL__sub_D_hook_manager.cpp
0000000000003980 0000000000000004 t LuaRuntime::LuaCallbackInvoker::~LuaCallbackInvoker()
0000000000003980 0000000000000004 t LuaRuntime::LuaCallbackInvoker::~LuaCallbackInvoker()
0000000000003984 00000000000000f0 t LuaRuntime::(anonymous namespace)::CaptureLuaErrorTop(lua_State*)
0000000000003a74 000000000000003c t LuaRuntime::(anonymous namespace)::OpenLibrary(lua_State*, unsigned int, char const*, int (*)(lua_State*))
0000000000003ab0 00000000000000b0 t LuaRuntime::(anonymous namespace)::RecordRequireFailure(unsigned int)
0000000000003b60 0000000000000034 t LuaRuntime::(anonymous namespace)::OsGetenv(lua_State*)
0000000000003b94 0000000000000124 t LuaRuntime::(anonymous namespace)::RegisterColorApi(lua_State*)
0000000000003cb8 000000000000005c t LuaRuntime::(anonymous namespace)::SetIntegerConstants(lua_State*, LuaRuntime::(anonymous namespace)::LuaIntegerConstant const*, unsigned long)
0000000000003d14 0000000000000080 t LuaRuntime::(anonymous namespace)::RegisterRngApi(lua_State*)
0000000000003d94 00000000000000a8 t LuaRuntime::(anonymous namespace)::RegisterFontApi(lua_State*)
0000000000003e3c 000000000000024c t LuaRuntime::(anonymous namespace)::RegisterVectorApi(lua_State*)
0000000000004088 00000000000000f8 t LuaRuntime::(anonymous namespace)::RegisterSpriteApi(lua_State*)
0000000000004180 0000000000000788 t LuaRuntime::(anonymous namespace)::PrepareRuntime(lua_State*)
0000000000004908 0000000000000044 t LuaRuntime::(anonymous namespace)::OsSetlocale(lua_State*)
000000000000494c 000000000000004c t LuaRuntime::(anonymous namespace)::OsDifftime(lua_State*)
0000000000004998 000000000000003c t LuaRuntime::(anonymous namespace)::OsClock(lua_State*)
00000000000049d4 0000000000000008 t LuaRuntime::LuaCallbackInvoker::~LuaCallbackInvoker()
00000000000049dc 000000000000010c t LuaRuntime::LuaCallbackInvoker::Invoke(isaac::runtime::CallbackDescriptor const&)
0000000000004ae8 00000000000000c0 t LuaRuntime::(anonymous namespace)::ValidateMusicMethod(unsigned long, unsigned char const*, unsigned long) [clone .constprop.0]
0000000000004ba8 00000000000000e4 t LuaRuntime::(anonymous namespace)::ResolveMusicForManager(unsigned long, unsigned long, unsigned char const*, unsigned long, unsigned long*) [clone .constprop.0]
0000000000004c8c 0000000000000038 t LuaRuntime::(anonymous namespace)::ResolveMusicForCall(unsigned long, unsigned char const*, unsigned long, unsigned long*) [clone .constprop.0]
0000000000004cc4 000000000000003c t LuaRuntime::(anonymous namespace)::AppendRequireText(char*, unsigned long, unsigned long, char const*, unsigned long) [clone .constprop.0]
0000000000004d00 0000000000000264 t LuaRuntime::(anonymous namespace)::OsDate(lua_State*)
0000000000004f64 0000000000000078 t LuaRuntime::(anonymous namespace)::ResetStage13Context()
0000000000004fdc 0000000000000048 t LuaRuntime::(anonymous namespace)::ResetAfterFailure(lua_State*, LuaRuntime::LuaInitResult)
0000000000005024 0000000000000190 t LuaRuntime::(anonymous namespace)::InitializeScript(char const*, unsigned long, char const*) [clone .part.0]
00000000000051b4 0000000000000024 t isaac::runtime::EngineReadableRegionCache::Clear()
00000000000051d8 000000000000002c t isaac::runtime::EngineGuardEnterDispatch()
0000000000005204 0000000000000018 t isaac::runtime::EngineGuardLeaveDispatch()
000000000000521c 0000000000000004 t LuaRuntime::RecordCallbackOperation(LuaRuntime::CallbackOperation)
0000000000005220 0000000000000018 t LuaRuntime::CallbackErrorPending()
0000000000005238 0000000000000048 t LuaRuntime::LastLuaErrorHead(unsigned int*)
0000000000005280 0000000000000054 t LuaRuntime::RecordLuaErrorText(char const*, unsigned long)
00000000000052d4 000000000000019c t LuaRuntime::ReportAndRecordLuaError(lua_State*, char const*, ...)
0000000000005470 000000000000014c t LuaRuntime::(anonymous namespace)::RegisterMod(lua_State*)
00000000000055bc 000000000000008c t LuaRuntime::(anonymous namespace)::ModNewIndex(lua_State*)
0000000000005648 00000000000000d4 t LuaRuntime::(anonymous namespace)::ModIndex(lua_State*)
000000000000571c 0000000000000074 t LuaRuntime::(anonymous namespace)::CreateGameHandle(lua_State*)
0000000000005790 0000000000000074 t LuaRuntime::(anonymous namespace)::CreateMusicHandle(lua_State*)
0000000000005804 0000000000000074 t LuaRuntime::(anonymous namespace)::CreateRngHandle(lua_State*)
0000000000005878 000000000000027c t LuaRuntime::(anonymous namespace)::DebugGetInfo(lua_State*)
0000000000005af4 0000000000000190 t LuaRuntime::(anonymous namespace)::OsTime(lua_State*)
0000000000005c84 0000000000000054 t LuaRuntime::(anonymous namespace)::MarkPostUpdate(lua_State*)
0000000000005cd8 0000000000000038 t LuaRuntime::(anonymous namespace)::RaiseRequireFailure(lua_State*, unsigned int, char const*)
0000000000005d10 0000000000000664 t LuaRuntime::(anonymous namespace)::Require(lua_State*) [clone .part.0]
0000000000006374 0000000000000068 t LuaRuntime::(anonymous namespace)::Require(lua_State*)
00000000000063dc 0000000000000018 t LuaRuntime::InManagedCallbackScope()
00000000000063f4 0000000000000010 t LuaRuntime::GameOwnerSlot()
0000000000006404 0000000000000010 t LuaRuntime::EngineModuleBase()
0000000000006414 0000000000000010 t LuaRuntime::GameIsPausedThunk()
0000000000006424 0000000000000010 t LuaRuntime::GameIsGreedModeThunk()
0000000000006434 0000000000000010 t LuaRuntime::LevelIsAscentThunk()
0000000000006444 0000000000000010 t LuaRuntime::ItemPoolGetCollectibleThunk()
0000000000006454 0000000000000010 t LuaRuntime::MusicGetCurrentMusicIdThunk()
0000000000006464 0000000000000010 t LuaRuntime::MusicPauseThunk()
0000000000006474 0000000000000010 t LuaRuntime::MusicResumeThunk()
0000000000006484 0000000000000010 t LuaRuntime::RngSetSeedThunk()
0000000000006494 0000000000000010 t LuaRuntime::InputIsActionPressedThunk()
00000000000064a4 0000000000000010 t LuaRuntime::InputIsActionTriggeredThunk()
00000000000064b4 0000000000000010 t LuaRuntime::InputGetActionValueThunk()
00000000000064c4 0000000000000010 t LuaRuntime::RngNextThunk()
00000000000064d4 0000000000000010 t LuaRuntime::FontCtorThunk()
00000000000064e4 0000000000000010 t LuaRuntime::FontDestructorThunk()
00000000000064f4 0000000000000010 t LuaRuntime::FontLoadThunk()
0000000000006504 0000000000000010 t LuaRuntime::FontUnloadThunk()
0000000000006514 0000000000000010 t LuaRuntime::FontIsLoadedThunk()
0000000000006524 0000000000000010 t LuaRuntime::FontGetStringWidthThunk()
0000000000006534 0000000000000010 t LuaRuntime::FontGetStringWidthUTF8Thunk()
0000000000006544 0000000000000010 t LuaRuntime::FontGetLineHeightThunk()
0000000000006554 0000000000000010 t LuaRuntime::FontGetBaselineHeightThunk()
0000000000006564 0000000000000010 t LuaRuntime::FontGetCharacterWidthThunk()
0000000000006574 0000000000000010 t LuaRuntime::FontSetMissingCharacterThunk()
0000000000006584 0000000000000010 t LuaRuntime::FontDrawStringScaledThunk()
0000000000006594 0000000000000010 t LuaRuntime::FontDrawStringUTF8Thunk()
00000000000065a4 0000000000000010 t LuaRuntime::FontDrawStringScaledUTF8Thunk()
00000000000065b4 0000000000000010 t LuaRuntime::FontDrawStringThunk()
00000000000065c4 0000000000000010 t LuaRuntime::SpriteCtorThunk()
00000000000065d4 0000000000000010 t LuaRuntime::SpriteDestructorThunk()
00000000000065e4 0000000000000010 t LuaRuntime::SpritePlayThunk()
00000000000065f4 0000000000000010 t LuaRuntime::SpriteSetAnimationThunk()
0000000000006604 0000000000000010 t LuaRuntime::SpriteSetFrameNamedThunk()
0000000000006614 0000000000000010 t LuaRuntime::SpriteSetFrameThunk()
0000000000006624 0000000000000010 t LuaRuntime::SpriteGetFrameThunk()
0000000000006634 0000000000000010 t LuaRuntime::SpriteSetLayerFrameThunk()
0000000000006644 0000000000000010 t LuaRuntime::SpriteGetLayerFrameThunk()
0000000000006654 0000000000000010 t LuaRuntime::SpriteGetTexelThunk()
0000000000006664 0000000000000010 t LuaRuntime::SpriteUpdateThunk()
0000000000006674 0000000000000010 t LuaRuntime::SpriteIsPlayingThunk()
0000000000006684 0000000000000010 t LuaRuntime::SpriteIsFinishedThunk()
0000000000006694 0000000000000010 t LuaRuntime::SpriteRenderThunk()
00000000000066a4 0000000000000010 t LuaRuntime::SpriteRenderLayerThunk()
00000000000066b4 0000000000000010 t LuaRuntime::SpritePlayRandomThunk()
00000000000066c4 0000000000000010 t LuaRuntime::SpriteLoadThunk()
00000000000066d4 0000000000000010 t LuaRuntime::SpriteLoadGraphicsThunk()
00000000000066e4 0000000000000010 t LuaRuntime::SpriteReplaceSpritesheetThunk()
00000000000066f4 0000000000000010 t LuaRuntime::LibcxxStringAssignThunk()
0000000000006704 0000000000000010 t LuaRuntime::GameOperatorDeleteThunk()
0000000000006714 000000000000011c t LuaRuntime::ValidateItemPoolGetCollectibleBinding(unsigned long)
0000000000006830 0000000000000010 t LuaRuntime::ResolveMusicGetCurrentMusicId(unsigned long, unsigned long*)
0000000000006840 0000000000000010 t LuaRuntime::ResolveMusicPause(unsigned long, unsigned long*)
0000000000006850 0000000000000010 t LuaRuntime::ResolveMusicResume(unsigned long, unsigned long*)
0000000000006860 000000000000000c t LuaRuntime::ValidateRngSetSeedBinding(unsigned long)
000000000000686c 000000000000000c t LuaRuntime::ValidateRngNextBinding(unsigned long)
0000000000006878 000000000000000c t LuaRuntime::ManagedCallbackRegistry()
0000000000006884 0000000000000008 t LuaRuntime::RuntimeOwnerHandle()
000000000000688c 0000000000000008 t LuaRuntime::IsStage13CallbackMode()
0000000000006894 000000000000001c t LuaRuntime::InitializeFromBuffer(char const*, unsigned long, char const*)
00000000000068b0 00000000000001d0 t LuaRuntime::InitializeManifestMod(char const*, unsigned long, char const*, char const*, GameFileReader::Bindings const&)
0000000000006a80 0000000000000018 t LuaRuntime::Initialize()
0000000000006a98 000000000000001c t LuaRuntime::SetGameBindings(unsigned long, unsigned long)
0000000000006ab4 0000000000000010 t LuaRuntime::SetEngineModuleBase(unsigned long)
0000000000006ac4 0000000000000028 t LuaRuntime::SetInputBindings(unsigned long, unsigned long, unsigned long)
0000000000006aec 0000000000000010 t LuaRuntime::SetGameIsGreedModeBinding(unsigned long)
0000000000006afc 0000000000000010 t LuaRuntime::SetLevelIsAscentBinding(unsigned long)
0000000000006b0c 0000000000000010 t LuaRuntime::SetItemPoolGetCollectibleBinding(unsigned long)
0000000000006b1c 0000000000000028 t LuaRuntime::SetMusicBindings(unsigned long, unsigned long, unsigned long)
0000000000006b44 000000000000001c t LuaRuntime::SetRngBindings(unsigned long, unsigned long)
0000000000006b60 00000000000000f4 t LuaRuntime::SetFontBindings(LuaRuntime::LuaFontBindings const&)
0000000000006c54 0000000000000154 t LuaRuntime::SetSpriteBindings(LuaRuntime::LuaSpriteBindings const&)
0000000000006da8 0000000000000058 t LuaRuntime::IsMusicReadyForDefaultCallback(unsigned long)
0000000000006e00 0000000000000018 t LuaRuntime::NoteGameStarted(bool)
0000000000006e18 0000000000000018 t LuaRuntime::IsReady()
0000000000006e30 0000000000000188 t LuaRuntime::DispatchPreGetCollectible(void*, unsigned int, unsigned int, unsigned int, unsigned int)
0000000000006fb8 0000000000000090 t LuaRuntime::DispatchPostGameStarted(bool)
0000000000007048 00000000000000b4 t LuaRuntime::DispatchPostUpdate()
00000000000070fc 0000000000000090 t LuaRuntime::DispatchPostRender(unsigned long)
000000000000718c 0000000000000014 t _GLOBAL__sub_D_lua_runtime.cpp
00000000000071a0 000000000000003c t (anonymous namespace)::Parser::SkipWhitespace()
00000000000071dc 0000000000000034 t (anonymous namespace)::Parser::Consume(char)
0000000000007210 00000000000001d0 t (anonymous namespace)::Parser::ParseNumber(bool*)
00000000000073e0 000000000000006c t (anonymous namespace)::Parser::Equals(char const*, (anonymous namespace)::ParsedString const&, char const*)
000000000000744c 0000000000000058 t (anonymous namespace)::Parser::ConsumeLiteral(char const*, unsigned long)
00000000000074a4 0000000000000084 t (anonymous namespace)::Parser::ParseHexQuad(unsigned int*) [clone .constprop.0]
0000000000007528 0000000000000044 t (anonymous namespace)::Parser::AppendByte(unsigned char, char*, unsigned long, (anonymous namespace)::ParsedString*) [clone .isra.0]
000000000000756c 0000000000000374 t (anonymous namespace)::Parser::ParseString(char*, unsigned long, (anonymous namespace)::ParsedString*)
00000000000078e0 0000000000000200 t (anonymous namespace)::Parser::ParseValue(unsigned long)
0000000000007ae0 0000000000000634 t ModManifest::SelectFirstEnabled(char const*, unsigned long, ModManifest::SelectedMod*)
0000000000008120 0000000000000108 t ReadBuildId(ModuleRange const&, std::array<unsigned char, 32ul>*)
0000000000008230 00000000000003f4 t ScanTargetModule()
0000000000008630 000000000000009c t FindTargetModule()
00000000000086d0 0000000000000030 t (anonymous namespace)::SetRuntimeState(RuntimeContext const&)
0000000000008700 0000000000000140 t (anonymous namespace)::ModuleWorker(void*)
0000000000008840 00000000000001b0 t exl_main
00000000000089f0 0000000000000030 t exl_exception_entry
0000000000008a20 0000000000000080 t Step(RuntimeState, RuntimeContext const&)
0000000000008aa0 00000000000000a0 t exl_init
0000000000008b40 00000000000000c4 t exl_module_init
0000000000008c10 00000000000000d8 t exl_entrypoint_init
0000000000008cf0 0000000000000114 t exl::diag::AbortImpl(char const*, char const*, char const*, int)
0000000000008e10 00000000000001cc t exl::diag::AbortImpl(char const*, char const*, char const*, int, char const*, ...)
0000000000008fe0 00000000000001c4 t exl::diag::OnAssertionFailure(exl::diag::AssertionType, char const*, char const*, char const*, int, char const*, ...)
00000000000091b0 0000000000000014 t exl::diag::OnAssertionFailure(exl::diag::AssertionType, char const*, char const*, char const*, int)
00000000000091d0 0000000000000040 t exl_abort
0000000000009210 00000000000000dc t exl::util::GetRandomU64()
00000000000092f0 0000000000000004 t exl_random
0000000000009300 000000000000006c t exl::util::impl::InitVersion()
0000000000009370 0000000000000080 t exl::util::proc_handle::(anonymous namespace)::ReceiveProcessHandleThreadMain(void*)
00000000000093f0 0000000000000188 t exl::util::proc_handle::(anonymous namespace)::GetViaIpcTrick()
0000000000009580 000000000000005c t exl::util::proc_handle::Get()
00000000000095e0 0000000000000038 t exl::util::GetAddressFromInfo(InfoType) [clone .part.0]
0000000000009620 0000000000000308 t exl::util::LogLayout()
0000000000009930 00000000000007a0 t exl::util::impl::InitMemLayout()
000000000000a0d0 0000000000000218 t exl::util::RwPages::RwPages(unsigned long, unsigned long)
000000000000a0d0 0000000000000218 t exl::util::RwPages::RwPages(unsigned long, unsigned long)
000000000000a2f0 0000000000000044 t exl::util::RwPages::Flush() const
000000000000a340 0000000000000138 t exl::util::RwPages::~RwPages()
000000000000a340 0000000000000138 t exl::util::RwPages::~RwPages()
000000000000a480 0000000000000004 t exl::reloc::impl::Initialize()
000000000000a490 0000000000000008 t exl::log::SvcLogger::LogRaw(std::basic_string_view<char, std::char_traits<char> >)
000000000000a4a0 0000000000000028 t exl::hook::nx64::Initialize()
000000000000b000 0000000000001000 t exl::hook::nx64::impl::s_HookJit::s_Area
000000000000c000 0000000000000018 t exl::hook::nx64::InitializeInline()
000000000000d000 0000000000001000 t exl::hook::nx64::impl::s_InlineHookJit::s_Area
000000000000e000 0000000000000680 t isaac::runtime::relay::TryInstallEntryRelay(unsigned long, void const*, unsigned long, unsigned long*)
000000000000e680 0000000000000010 t isaac::runtime::relay::LastFailure()
000000000000f000 0000000000001000 t isaac::runtime::relay::(anonymous namespace)::impl::EntryRelayArena::s_Area
0000000000010000 0000000000000084 t isaac::runtime::RuntimeBootstrap::Start()
0000000000010090 000000000000000c t isaac::runtime::RuntimeKernel::Instance()
00000000000100a0 000000000000004c t isaac::runtime::RuntimeKernel::Initialize(isaac::runtime::RuntimeDependencies const&)
00000000000100f0 0000000000000054 t isaac::runtime::RuntimeKernel::PublishEvent(unsigned int)
0000000000010150 00000000000000d8 t isaac::runtime::BinaryEventCodec::Encode(isaac::runtime::DiagnosticEvent const&, unsigned char*, unsigned long)
0000000000010230 0000000000000038 t isaac::runtime::DiagnosticHealth::RecordDrop()
0000000000010270 0000000000000070 t isaac::runtime::DiagnosticHealth::RecordFileFailure(isaac::runtime::DiagnosticHealthReason)
00000000000102e0 000000000000004c t isaac::runtime::HookInstallReport::InstalledCount() const
0000000000010330 0000000000000098 t isaac::runtime::HookInstallReport::FirstFailureSlot() const
00000000000103d0 00000000000001dc t isaac::runtime::HookInstallService::InstallProductionHooks(isaac::runtime::ModuleInfo const&, isaac::runtime::HookInstallReport*)
00000000000105b0 000000000000000c t isaac::runtime::ManagedFrameClock::Reset()
00000000000105c0 000000000000000c t isaac::runtime::ManagedFrameClock::Count()
00000000000105d0 000000000000010c t isaac::runtime::CallbackDispatcher::Dispatch(unsigned int, isaac::runtime::ThreadAffinity)
00000000000106e0 0000000000000058 t isaac::runtime::CallbackRegistry::Register(isaac::runtime::CallbackDescriptor const&)
0000000000010740 000000000000003c t isaac::runtime::CallbackRegistry::CountOf(unsigned int) const
0000000000010780 0000000000000054 t isaac::runtime::CallbackRegistry::At(unsigned int, unsigned long) const
00000000000107e0 0000000000000054 t isaac::runtime::CallbackRegistry::Reset()
0000000000010840 0000000000000190 t isaac::runtime::ContentMountService::RegisterMod(std::basic_string_view<char, std::char_traits<char> >)
00000000000109d0 00000000000000b4 t isaac::runtime::ContentMountService::RemountAll()
0000000000010a90 000000000000000c t isaac::runtime::SessionContentMountService()
0000000000010aa0 00000000000000bc t isaac::runtime::ManifestParser::Parse(char const*, unsigned long) const
0000000000010b60 0000000000000094 t isaac::runtime::(anonymous namespace)::JoinPath(char*, unsigned long, char const*, char const*) [clone .part.0]
0000000000010c00 0000000000000320 t isaac::runtime::ManifestService::Resolve(unsigned char*, unsigned long, char*, unsigned long, char*, unsigned long, char*, unsigned long, isaac::runtime::ModLoadFailure*) const
0000000000010f20 0000000000000220 t isaac::runtime::ModLoadService::Load(isaac::runtime::ModLoadRequest const&, isaac::runtime::ModLoadFailure*)
0000000000011140 0000000000000004 t isaac::runtime::HookRoutingAdapter::~HookRoutingAdapter()
0000000000011140 0000000000000004 t isaac::runtime::HookRoutingAdapter::~HookRoutingAdapter()
0000000000011150 000000000000005c t isaac::runtime::HookRoutingAdapter::Install(isaac::runtime::HookId, isaac::runtime::HookTarget const&)
00000000000111b0 000000000000005c t isaac::runtime::HookRoutingAdapter::IsInstalled(isaac::runtime::HookId) const
0000000000011210 0000000000000008 t isaac::runtime::HookRoutingAdapter::~HookRoutingAdapter()
0000000000011220 0000000000000008 t isaac::runtime::HookRoutingFailureCode(isaac::runtime::HookRoutingAdapter const&)
0000000000011230 0000000000000024 t isaac::runtime::ExlaunchHookAdapter::IsInstalled(isaac::runtime::HookId) const
0000000000011260 0000000000000004 t isaac::runtime::ExlaunchHookAdapter::~ExlaunchHookAdapter()
0000000000011260 0000000000000004 t isaac::runtime::ExlaunchHookAdapter::~ExlaunchHookAdapter()
0000000000011270 0000000000000150 t isaac::runtime::ExlaunchHookAdapter::Install(isaac::runtime::HookId, isaac::runtime::HookTarget const&)
00000000000113c0 0000000000000008 t isaac::runtime::ExlaunchHookAdapter::~ExlaunchHookAdapter()
00000000000113d0 0000000000000004 t isaac::runtime::EngineContentMountAdapter::~EngineContentMountAdapter()
00000000000113d0 0000000000000004 t isaac::runtime::EngineContentMountAdapter::~EngineContentMountAdapter()
00000000000113e0 0000000000000008 t isaac::runtime::EngineContentMountAdapter::~EngineContentMountAdapter()
00000000000113f0 0000000000000050 t isaac::runtime::(anonymous namespace)::GuardedCode(TargetModule const&, unsigned long, std::array<unsigned char, 16ul> const&) [clone .isra.0]
0000000000011440 00000000000004e0 t isaac::runtime::EngineContentMountAdapter::MountModDirectory(std::basic_string_view<char, std::char_traits<char> >, std::basic_string_view<char, std::char_traits<char> >)
0000000000011920 0000000000000018 t isaac::runtime::GameFileReaderAdapter::Size(std::basic_string_view<char, std::char_traits<char> >, unsigned long*)
0000000000011940 0000000000000004 t isaac::runtime::GameFileReaderAdapter::~GameFileReaderAdapter()
0000000000011940 0000000000000004 t isaac::runtime::GameFileReaderAdapter::~GameFileReaderAdapter()
0000000000011950 00000000000000fc t isaac::runtime::GameFileReaderAdapter::Read(std::basic_string_view<char, std::char_traits<char> >, unsigned char*, unsigned long, unsigned long*)
0000000000011a50 0000000000000008 t isaac::runtime::GameFileReaderAdapter::~GameFileReaderAdapter()
0000000000011a60 0000000000000008 t isaac::runtime::EmbeddedLuaAdapter::CallGlobal(char const*, int, int*)
0000000000011a70 0000000000000004 t isaac::runtime::EmbeddedLuaAdapter::Shutdown()
0000000000011a80 0000000000000004 t isaac::runtime::EmbeddedLuaAdapter::~EmbeddedLuaAdapter()
0000000000011a80 0000000000000004 t isaac::runtime::EmbeddedLuaAdapter::~EmbeddedLuaAdapter()
0000000000011a90 0000000000000020 t isaac::runtime::EmbeddedLuaAdapter::Initialize()
0000000000011ab0 0000000000000004 t isaac::runtime::EmbeddedLuaAdapter::IsReady() const
0000000000011ac0 0000000000000044 t isaac::runtime::EmbeddedLuaAdapter::RunChunk(isaac::runtime::LuaChunk const&)
0000000000011b10 0000000000000084 t isaac::runtime::EmbeddedLuaAdapter::LoadManifestMod(isaac::runtime::ManifestModLoad const&, unsigned int*)
0000000000011ba0 0000000000000008 t isaac::runtime::EmbeddedLuaAdapter::~EmbeddedLuaAdapter()
0000000000011bb0 0000000000000008 t isaac::runtime::RuntimeHostApiService::Abi() const
0000000000011bc0 0000000000000004 t isaac::runtime::RuntimeHostApiService::~RuntimeHostApiService()
0000000000011bc0 0000000000000004 t isaac::runtime::RuntimeHostApiService::~RuntimeHostApiService()
0000000000011bd0 0000000000000040 t isaac::runtime::RuntimeHostApiService::PublishedFileApi(isaac::runtime::HostFileApiV1*) const
0000000000011c10 0000000000000008 t isaac::runtime::RuntimeHostApiService::~RuntimeHostApiService()
0000000000011c20 0000000000000088 t isaac::runtime::RuntimeHostApiService::RegisterFilePort(isaac::runtime::HostFileApiV1 const&)
0000000000011cb0 0000000000000038 t isaac::runtime::RuntimeHostApiService::PublishHostEvent(void const*, unsigned int)
0000000000011cf0 000000000000003c t isaac::runtime::(anonymous namespace)::PublishHostEventThunk(void const*, unsigned int)
0000000000011d30 00000000000000a0 t isaac::runtime::(anonymous namespace)::RegisterFilePortThunk(isaac::runtime::HostFileApiV1 const*)
0000000000011dd0 0000000000000060 t isaac::runtime::RuntimeHostApiService::RuntimeHostApiService(unsigned long)
0000000000011dd0 0000000000000060 t isaac::runtime::RuntimeHostApiService::RuntimeHostApiService(unsigned long)
0000000000011e30 000000000000000c t isaac::runtime::HostApiService()
0000000000011e40 0000000000000014 T IsaacModRuntime_GetHostApi
0000000000011e60 0000000000000018 t _GLOBAL__sub_I_runtime_host_api_service.cpp
0000000000011e80 0000000000000024 t isaac::runtime::RelaySlotHookAdapter::IsInstalled(isaac::runtime::HookId) const
0000000000011eb0 0000000000000004 t isaac::runtime::RelaySlotHookAdapter::~RelaySlotHookAdapter()
0000000000011eb0 0000000000000004 t isaac::runtime::RelaySlotHookAdapter::~RelaySlotHookAdapter()
0000000000011ec0 00000000000000a4 t isaac::runtime::RelaySlotHookAdapter::Install(isaac::runtime::HookId, isaac::runtime::HookTarget const&)
0000000000011f70 0000000000000008 t isaac::runtime::RelaySlotHookAdapter::~RelaySlotHookAdapter()
0000000000011f80 0000000000000024 t isaac::runtime::EntryRelayHookAdapter::IsInstalled(isaac::runtime::HookId) const
0000000000011fb0 0000000000000004 t isaac::runtime::EntryRelayHookAdapter::~EntryRelayHookAdapter()
0000000000011fb0 0000000000000004 t isaac::runtime::EntryRelayHookAdapter::~EntryRelayHookAdapter()
0000000000011fc0 0000000000000008 t isaac::runtime::EntryRelayHookAdapter::~EntryRelayHookAdapter()
0000000000011fd0 0000000000000198 t isaac::runtime::EntryRelayHookAdapter::Install(isaac::runtime::HookId, isaac::runtime::HookTarget const&)
0000000000012170 0000000000000038 t isaac::runtime::RegisterEntryRelayCallbacks()
00000000000121b0 0000000000000024 t isaac::runtime::EntryRelayFallbackEntry(isaac::runtime::HookId)
00000000000121e0 0000000000000008 t isaac::runtime::EntryRelayHookAdapter::LastFailureCode() const
00000000000121f0 0000000000000024 t isaac::runtime::GotSlotHookAdapter::IsInstalled(isaac::runtime::HookId) const
0000000000012220 0000000000000004 t isaac::runtime::GotSlotHookAdapter::~GotSlotHookAdapter()
0000000000012220 0000000000000004 t isaac::runtime::GotSlotHookAdapter::~GotSlotHookAdapter()
0000000000012230 00000000000000a4 t isaac::runtime::GotSlotHookAdapter::Install(isaac::runtime::HookId, isaac::runtime::HookTarget const&)
00000000000122e0 0000000000000008 t isaac::runtime::GotSlotHookAdapter::~GotSlotHookAdapter()
00000000000122f0 00000000000000f4 t isaac::runtime::ManifestSelectorAdapter::Select(char const*, unsigned long, isaac::runtime::ModManifest*)
00000000000123f0 000000000000000c t isaac::runtime::ManifestSelectorAdapter::SelectFunction()
0000000000012400 000000000000007c t isaac::runtime::RuntimeStateMachine::Apply(isaac::runtime::RuntimeContext&, isaac::runtime::RuntimeEvent)
0000000000012480 000000000000000c t isaac::runtime::ApiCatalog::Default()
0000000000012490 0000000000000024 t isaac::runtime::ApiCatalog::At(unsigned long) const
00000000000124b4 00000000000000a4 t isaac::runtime::ColorIndex(lua_State*)
0000000000012558 0000000000000118 t isaac::runtime::ColorNewIndex(lua_State*)
0000000000012670 00000000000001ac t isaac::runtime::CreateColorHandle(lua_State*)
000000000001281c 00000000000000dc t isaac::runtime::KColorClassIndex(lua_State*)
00000000000128f8 000000000000006c t isaac::runtime::(anonymous namespace)::RequireLoadedFont(lua_State*, void*, char const*)
0000000000012964 000000000000006c t isaac::runtime::(anonymous namespace)::ResolveFont(lua_State*, char const*, void**) [clone .constprop.0]
00000000000129d0 00000000000000bc t isaac::runtime::(anonymous namespace)::FontIsLoaded(lua_State*)
0000000000012a8c 00000000000003f8 t isaac::runtime::(anonymous namespace)::DrawStringVariant(lua_State*, char const*, bool, bool)
0000000000012e84 0000000000000014 t isaac::runtime::(anonymous namespace)::FontDrawStringScaledUTF8(lua_State*)
0000000000012e98 0000000000000014 t isaac::runtime::(anonymous namespace)::FontDrawStringUTF8(lua_State*)
0000000000012eac 0000000000000014 t isaac::runtime::(anonymous namespace)::FontDrawStringScaled(lua_State*)
0000000000012ec0 0000000000000014 t isaac::runtime::(anonymous namespace)::FontDrawString(lua_State*)
0000000000012ed4 0000000000000084 t isaac::runtime::(anonymous namespace)::FontUnload(lua_State*)
0000000000012f58 00000000000000e8 t isaac::runtime::(anonymous namespace)::FontGetStringWidth(lua_State*)
0000000000013040 00000000000000e8 t isaac::runtime::(anonymous namespace)::FontGetStringWidthUTF8(lua_State*)
0000000000013128 00000000000000b8 t isaac::runtime::(anonymous namespace)::FontGetLineHeight(lua_State*)
00000000000131e0 00000000000000b8 t isaac::runtime::(anonymous namespace)::FontGetBaselineHeight(lua_State*)
0000000000013298 0000000000000100 t isaac::runtime::(anonymous namespace)::FontGetCharacterWidth(lua_State*)
0000000000013398 00000000000000d4 t isaac::runtime::(anonymous namespace)::FontSetMissingCharacter(lua_State*)
000000000001346c 0000000000000010 W std::char_traits<char>::compare(char const*, char const*, unsigned long)
000000000001347c 0000000000000068 W std::__cxx11::basic_string<char, std::char_traits<char>, std::allocator<char> >::basic_string(std::__cxx11::basic_string<char, std::char_traits<char>, std::allocator<char> >&&)
000000000001347c 0000000000000068 W std::__cxx11::basic_string<char, std::char_traits<char>, std::allocator<char> >::basic_string(std::__cxx11::basic_string<char, std::char_traits<char>, std::allocator<char> >&&)
00000000000134e4 0000000000000044 W std::basic_string_view<char, std::char_traits<char> >::substr(unsigned long, unsigned long) const
0000000000013528 00000000000000bc W std::basic_string_view<char, std::char_traits<char> >::find(char const*, unsigned long, unsigned long) const
00000000000135e4 0000000000000034 W std::basic_string_view<char, std::char_traits<char> >::find(char const*, unsigned long) const
0000000000013618 000000000000006c W std::basic_string_view<char, std::char_traits<char> >::rfind(char const*, unsigned long, unsigned long) const
0000000000013684 00000000000000c4 W std::__cxx11::basic_string<char, std::char_traits<char>, std::allocator<char> >::find(char const*, unsigned long) const
0000000000013748 00000000000000a8 W std::__cxx11::basic_string<char, std::char_traits<char>, std::allocator<char> >::compare(unsigned long, unsigned long, char const*) const
00000000000137f0 00000000000000e0 t isaac::runtime::CreateFontHandle(lua_State*)
00000000000138d0 0000000000000060 t isaac::runtime::DestroyFontHandle(lua_State*)
0000000000013930 0000000000000018 t isaac::runtime::AttachFontMethods(lua_State*)
0000000000013948 00000000000000c8 t isaac::runtime::RecordFontLoadForProbe(std::basic_string_view<char, std::char_traits<char> >, bool)
0000000000013a10 0000000000000050 W std::basic_string_view<char, std::char_traits<char> >::compare(std::basic_string_view<char, std::char_traits<char> >) const
0000000000013a60 000000000000003c W std::basic_string_view<char, std::char_traits<char> >::compare(unsigned long, unsigned long, char const*) const
0000000000013a9c 0000000000000024 W std::__cxx11::basic_string<char, std::char_traits<char>, std::allocator<char> >::_M_dispose()
0000000000013ac0 0000000000000020 W std::__cxx11::basic_string<char, std::char_traits<char>, std::allocator<char> >::_S_copy(char*, char const*, unsigned long)
0000000000013ae0 000000000000008c W std::__cxx11::basic_string<char, std::char_traits<char>, std::allocator<char> >::basic_string<std::basic_string_view<char, std::char_traits<char> >, void>(std::basic_string_view<char, std::char_traits<char> > const&, std::allocator<char> const&)
0000000000013ae0 000000000000008c W std::__cxx11::basic_string<char, std::char_traits<char>, std::allocator<char> >::basic_string<std::basic_string_view<char, std::char_traits<char> >, void>(std::basic_string_view<char, std::char_traits<char> > const&, std::allocator<char> const&)
0000000000013b6c 000000000000011c W std::__cxx11::basic_string<char, std::char_traits<char>, std::allocator<char> >::_M_mutate(unsigned long, unsigned long, char const*, unsigned long)
0000000000013c88 0000000000000080 W std::__cxx11::basic_string<char, std::char_traits<char>, std::allocator<char> >::_M_append(char const*, unsigned long)
0000000000013d08 00000000000000ac t std::__cxx11::basic_string<char, std::char_traits<char>, std::allocator<char> >::operator=(std::__cxx11::basic_string<char, std::char_traits<char>, std::allocator<char> >&&) [clone .isra.0]
0000000000013db4 000000000000010c W std::__cxx11::basic_string<char, std::char_traits<char>, std::allocator<char> >::_M_replace(unsigned long, unsigned long, char const*, unsigned long)
0000000000013ec0 000000000000056c t isaac::runtime::(anonymous namespace)::NormalizeModResourcePath(char const*, std::__cxx11::basic_string<char, std::char_traits<char>, std::allocator<char> >&)
000000000001442c 0000000000000194 t isaac::runtime::(anonymous namespace)::FontLoad(lua_State*)
00000000000145c0 0000000000000078 t isaac::runtime::(anonymous namespace)::SeedsGetStartSeed(lua_State*)
0000000000014638 00000000000000c4 t isaac::runtime::(anonymous namespace)::GameIsGreedMode(lua_State*)
00000000000146fc 0000000000000080 t isaac::runtime::(anonymous namespace)::SeedsIsCustomRun(lua_State*)
000000000001477c 0000000000000048 t isaac::runtime::RecordApiSequence(unsigned int) [clone .part.0]
00000000000147c4 0000000000000074 t isaac::runtime::(anonymous namespace)::GameGetVictoryLap(lua_State*)
0000000000014838 00000000000000a0 t isaac::runtime::(anonymous namespace)::GameGetSeeds(lua_State*)
00000000000148d8 0000000000000094 t isaac::runtime::(anonymous namespace)::GameGetNumPlayers(lua_State*)
000000000001496c 00000000000000e0 t isaac::runtime::(anonymous namespace)::GameGetRoom(lua_State*)
0000000000014a4c 00000000000000e0 t isaac::runtime::(anonymous namespace)::GameGetItemPool(lua_State*)
0000000000014b2c 00000000000000b0 t isaac::runtime::(anonymous namespace)::GameGetLevel(lua_State*)
0000000000014bdc 0000000000000104 t isaac::runtime::(anonymous namespace)::GameIsPaused(lua_State*)
0000000000014ce0 000000000000001c t isaac::runtime::EngineReadableRegionCache::Lock() const
0000000000014cfc 00000000000000b4 t isaac::runtime::EngineGuardRememberReadable(unsigned long, unsigned long)
0000000000014db0 0000000000000114 t isaac::runtime::(anonymous namespace)::IsEngineMemoryReadable(unsigned long, unsigned long)
0000000000014ec4 0000000000000104 t isaac::runtime::(anonymous namespace)::GameGetFrameCount(lua_State*)
0000000000014fc8 0000000000000018 t isaac::runtime::AttachGameMethods(lua_State*)
0000000000014fe0 0000000000000018 t isaac::runtime::AttachSeedsMethods(lua_State*)
0000000000014ff8 0000000000000078 t isaac::runtime::(anonymous namespace)::CheckInputQueryArguments(lua_State*, char const*)
0000000000015070 0000000000000098 t isaac::runtime::(anonymous namespace)::InputGetActionValue(lua_State*)
0000000000015108 0000000000000030 t isaac::runtime::(anonymous namespace)::InputGetButtonValue(lua_State*)
0000000000015138 0000000000000030 t isaac::runtime::(anonymous namespace)::InputIsButtonPressed(lua_State*)
0000000000015168 0000000000000030 t isaac::runtime::(anonymous namespace)::InputIsButtonTriggered(lua_State*)
0000000000015198 0000000000000098 t isaac::runtime::(anonymous namespace)::InputIsActionTriggered(lua_State*)
0000000000015230 00000000000000b0 t isaac::runtime::(anonymous namespace)::InputIsActionPressed(lua_State*)
00000000000152e0 0000000000000018 t isaac::runtime::AttachInputMethods(lua_State*)
0000000000015300 000000000000003c t isaac::runtime::(anonymous namespace)::ItemConfigHasTags(lua_State*)
0000000000015340 000000000000003c t isaac::runtime::(anonymous namespace)::ItemConfigItemHasTags(lua_State*)
0000000000015380 00000000000000d8 t isaac::runtime::(anonymous namespace)::PushMethodFrom(lua_State*, char const*, char const*)
0000000000015460 0000000000000080 t isaac::runtime::(anonymous namespace)::ItemConfigIndex(lua_State*)
00000000000154e0 00000000000002d4 t isaac::runtime::(anonymous namespace)::IsEngineMemoryReadable(unsigned long, unsigned long)
00000000000157c0 00000000000000a8 t int isaac::runtime::ReportApiError<char const*, int>(lua_State*, char const*, char const*, int) [clone .isra.0]
0000000000015870 00000000000002d0 t isaac::runtime::(anonymous namespace)::IsEngineMemoryReadable(unsigned long, unsigned long) [clone .constprop.0]
0000000000015b40 00000000000001e8 t isaac::runtime::(anonymous namespace)::OptionsIndex(lua_State*)
0000000000015d30 00000000000000dc t isaac::runtime::(anonymous namespace)::IsaacRenderScaledText(lua_State*)
0000000000015e10 00000000000000dc t isaac::runtime::(anonymous namespace)::IsaacSaveModData(lua_State*)
0000000000015ef0 00000000000000dc t isaac::runtime::(anonymous namespace)::IsaacLoadModData(lua_State*)
0000000000015fd0 00000000000000b0 t isaac::runtime::(anonymous namespace)::ResolveRoom()
0000000000016080 00000000000000dc t isaac::runtime::(anonymous namespace)::IsaacGetTrinketIdByName(lua_State*)
0000000000016160 00000000000000dc t isaac::runtime::(anonymous namespace)::IsaacGetPersistentGameData(lua_State*)
0000000000016240 0000000000000144 t isaac::runtime::(anonymous namespace)::IsaacWorldToRenderPosition(lua_State*)
0000000000016390 0000000000000118 t isaac::runtime::(anonymous namespace)::IsaacCountBosses(lua_State*)
00000000000164b0 0000000000000144 t isaac::runtime::(anonymous namespace)::IsaacWorldToScreen(lua_State*)
0000000000016600 00000000000002a8 t isaac::runtime::(anonymous namespace)::IsaacGetItemConfig(lua_State*)
00000000000168b0 0000000000000160 t isaac::runtime::(anonymous namespace)::ValidatedItem(LuaRuntime::ItemConfigItemHandle const*)
0000000000016a10 0000000000000138 t isaac::runtime::(anonymous namespace)::IsaacDebugString(lua_State*)
0000000000016b50 0000000000000098 t isaac::runtime::(anonymous namespace)::IsaacGetFrameCount(lua_State*)
0000000000016bf0 00000000000000b4 t isaac::runtime::(anonymous namespace)::IsaacGetTime(lua_State*)
0000000000016cb0 0000000000000098 t isaac::runtime::(anonymous namespace)::IsaacIsInGame(lua_State*)
0000000000016d50 0000000000000100 t isaac::runtime::(anonymous namespace)::ItemConfigItemIsCollectible(lua_State*)
0000000000016e50 0000000000000174 t isaac::runtime::(anonymous namespace)::GlobalGetPtrHash(lua_State*)
0000000000016fd0 0000000000000258 t isaac::runtime::(anonymous namespace)::ItemConfigIsCollectible(lua_State*)
0000000000017230 00000000000002f4 t isaac::runtime::(anonymous namespace)::PushQueryResult(isaac::runtime::(anonymous namespace)::QuerySink*, unsigned long)
0000000000017530 000000000000029c t isaac::runtime::(anonymous namespace)::ItemConfigGetEntry(lua_State*, unsigned long, unsigned long) [clone .isra.0]
00000000000177d0 0000000000000038 t isaac::runtime::(anonymous namespace)::ItemConfigGetCollectible(lua_State*)
0000000000017810 0000000000000020 t isaac::runtime::(anonymous namespace)::ItemConfigGetTrinket(lua_State*)
0000000000017830 0000000000000020 t isaac::runtime::(anonymous namespace)::ItemConfigGetCard(lua_State*)
0000000000017850 0000000000000020 t isaac::runtime::(anonymous namespace)::ItemConfigGetPillEffect(lua_State*)
0000000000017870 0000000000000268 t isaac::runtime::(anonymous namespace)::IsaacGetCallbacks(lua_State*)
0000000000017ae0 00000000000004d8 t isaac::runtime::(anonymous namespace)::PushEntityField(lua_State*, unsigned long, char const*, bool)
0000000000017fc0 00000000000001a8 t isaac::runtime::(anonymous namespace)::EntityIndex(lua_State*)
0000000000018170 00000000000001a8 t isaac::runtime::(anonymous namespace)::EntityPlayerIndex(lua_State*)
0000000000018320 0000000000000374 t isaac::runtime::(anonymous namespace)::PushLibcxxString(lua_State*, unsigned long, bool)
00000000000186a0 00000000000001bc t isaac::runtime::(anonymous namespace)::ItemConfigItemIndex(lua_State*)
0000000000018860 00000000000003a0 t isaac::runtime::(anonymous namespace)::EntityPickupIndex(lua_State*)
0000000000018c00 00000000000002e8 t isaac::runtime::(anonymous namespace)::IsEntityPointer(unsigned long)
0000000000018ef0 0000000000000154 t isaac::runtime::(anonymous namespace)::EntityPlayerGetOtherTwin(lua_State*)
0000000000019050 000000000000015c t isaac::runtime::(anonymous namespace)::EntityPlayerGetEffects(lua_State*)
00000000000191b0 0000000000000160 t isaac::runtime::(anonymous namespace)::EntityPlayerGetSmeltedTrinkets(lua_State*)
0000000000019310 000000000000036c t isaac::runtime::(anonymous namespace)::CaptureEntity(unsigned long, isaac::runtime::(anonymous namespace)::EntitySnapshot*)
0000000000019680 0000000000000158 t isaac::runtime::(anonymous namespace)::EntityPlayerGetName(lua_State*)
00000000000197e0 0000000000000158 t isaac::runtime::(anonymous namespace)::EntityPlayerGetMainTwin(lua_State*)
0000000000019940 000000000000015c t isaac::runtime::(anonymous namespace)::EntityPlayerGetNumKeys(lua_State*)
0000000000019aa0 000000000000015c t isaac::runtime::(anonymous namespace)::EntityPlayerIsSubPlayer(lua_State*)
0000000000019c00 000000000000015c t isaac::runtime::(anonymous namespace)::EntityPlayerCanPickRedHearts(lua_State*)
0000000000019d60 000000000000015c t isaac::runtime::(anonymous namespace)::EntityPlayerHasGoldenBomb(lua_State*)
0000000000019ec0 000000000000015c t isaac::runtime::(anonymous namespace)::EntityPlayerGetGlyphOfBalanceDrop(lua_State*)
000000000001a020 000000000000015c t isaac::runtime::(anonymous namespace)::EntityPlayerGetModelingClayEffect(lua_State*)
000000000001a180 000000000000015c t isaac::runtime::(anonymous namespace)::EntityPlayerGetZodiacEffect(lua_State*)
000000000001a2e0 000000000000015c t isaac::runtime::(anonymous namespace)::EntityPlayerGetPoopSpell(lua_State*)
000000000001a440 000000000000015c t isaac::runtime::(anonymous namespace)::EntityPlayerGetPoopMana(lua_State*)
000000000001a5a0 000000000000015c t isaac::runtime::(anonymous namespace)::EntityPlayerGetBloodCharge(lua_State*)
000000000001a700 000000000000015c t isaac::runtime::(anonymous namespace)::EntityPlayerGetSoulCharge(lua_State*)
000000000001a860 000000000000015c t isaac::runtime::(anonymous namespace)::EntityPlayerGetMaxHearts(lua_State*)
000000000001a9c0 000000000000015c t isaac::runtime::(anonymous namespace)::EntityPlayerGetHearts(lua_State*)
000000000001ab20 000000000000015c t isaac::runtime::(anonymous namespace)::EntityPlayerGetNumCoins(lua_State*)
000000000001ac80 000000000000015c t isaac::runtime::(anonymous namespace)::EntityPlayerGetNumBombs(lua_State*)
000000000001ade0 0000000000000138 t isaac::runtime::(anonymous namespace)::EntityPlayerGetPillRNG(lua_State*)
000000000001af20 0000000000000138 t isaac::runtime::(anonymous namespace)::EntityPlayerGetCardRNG(lua_State*)
000000000001b060 000000000000013c t isaac::runtime::(anonymous namespace)::EntityPlayerGetTrinketRNG(lua_State*)
000000000001b1a0 0000000000000138 t isaac::runtime::(anonymous namespace)::EntityPlayerGetCollectibleRNG(lua_State*)
000000000001b2e0 0000000000000140 t isaac::runtime::(anonymous namespace)::EntityPlayerGetPlayerFormCounter(lua_State*)
000000000001b420 0000000000000140 t isaac::runtime::(anonymous namespace)::EntityPlayerHasPlayerForm(lua_State*)
000000000001b560 0000000000000140 t isaac::runtime::(anonymous namespace)::EntityPlayerHasTrinket(lua_State*)
000000000001b6a0 0000000000000190 t isaac::runtime::(anonymous namespace)::EntityPlayerGetPill(lua_State*)
000000000001b830 0000000000000190 t isaac::runtime::(anonymous namespace)::EntityPlayerGetCard(lua_State*)
000000000001b9c0 0000000000000198 t isaac::runtime::(anonymous namespace)::EntityPickupIsShopItem(lua_State*)
000000000001bb60 00000000000001d0 t isaac::runtime::(anonymous namespace)::EntityPlayerGetBabySkin(lua_State*)
000000000001bd30 00000000000001ec t isaac::runtime::(anonymous namespace)::EntityPlayerGetBrokenHearts(lua_State*)
000000000001bf20 00000000000001e4 t isaac::runtime::(anonymous namespace)::EntityPlayerGetSoulHearts(lua_State*)
000000000001c110 00000000000001ec t isaac::runtime::(anonymous namespace)::EntityGetSprite(lua_State*)
000000000001c300 000000000000038c t isaac::runtime::(anonymous namespace)::ReadEntityTable(unsigned long, isaac::runtime::(anonymous namespace)::EntityTableSpec const&, isaac::runtime::(anonymous namespace)::EntityTableView*)
000000000001c690 0000000000000210 t void isaac::runtime::(anonymous namespace)::ForEachEntityInTable<isaac::runtime::(anonymous namespace)::IsaacFindInRadius(lua_State*)::{lambda(unsigned long)#1} const&>(unsigned long, isaac::runtime::(anonymous namespace)::EntityTableSpec const&, isaac::runtime::(anonymous namespace)::IsaacFindInRadius(lua_State*)::{lambda(unsigned long)#1} const&)
000000000001c8a0 00000000000006cc t isaac::runtime::(anonymous namespace)::IsaacFindInRadius(lua_State*)
000000000001cf70 0000000000000138 t void isaac::runtime::(anonymous namespace)::ForEachEntityInTable<isaac::runtime::(anonymous namespace)::IsaacFindByType(lua_State*)::{lambda(unsigned long)#1} const&>(unsigned long, isaac::runtime::(anonymous namespace)::EntityTableSpec const&, isaac::runtime::(anonymous namespace)::IsaacFindByType(lua_State*)::{lambda(unsigned long)#1} const&)
000000000001d0b0 00000000000004cc t isaac::runtime::(anonymous namespace)::IsaacFindByType(lua_State*)
000000000001d580 0000000000000284 t isaac::runtime::(anonymous namespace)::IsaacCountEnemies(lua_State*)
000000000001d810 00000000000009cc t isaac::runtime::(anonymous namespace)::PushEntityDataTable(lua_State*, unsigned long) [clone .isra.0]
000000000001e1e0 00000000000001c0 t isaac::runtime::(anonymous namespace)::EntityPlayerGetData(lua_State*)
000000000001e3a0 00000000000001e8 t isaac::runtime::(anonymous namespace)::EntityGetData(lua_State*)
000000000001e590 00000000000001e8 t isaac::runtime::(anonymous namespace)::EntityPlayerGetPlayerType(lua_State*)
000000000001e780 0000000000000214 t isaac::runtime::(anonymous namespace)::EntityToPlayer(lua_State*)
000000000001e9a0 0000000000000248 t isaac::runtime::(anonymous namespace)::EntityPlayerGetEffectiveMaxHearts(lua_State*)
000000000001ebf0 0000000000000288 t isaac::runtime::(anonymous namespace)::EntityToPickup(lua_State*)
000000000001ee80 00000000000002b4 t isaac::runtime::(anonymous namespace)::EntityPlayerHasCollectible(lua_State*)
000000000001f140 00000000000003bc t isaac::runtime::(anonymous namespace)::EntityPlayerAddCollectible(lua_State*)
000000000001f500 000000000000033c t isaac::runtime::(anonymous namespace)::IsaacRunCallback(lua_State*)
000000000001f840 000000000000058c t isaac::runtime::(anonymous namespace)::IsaacGetPlayer(lua_State*)
000000000001fdd0 000000000000038c t isaac::runtime::ResolveEnginePlayerArray()
0000000000020160 00000000000002e8 t isaac::runtime::IsLiveEntityPointer(unsigned long)
0000000000020450 00000000000003cc t isaac::runtime::RegisterIsaacApi(lua_State*)
0000000000020820 00000000000000ac t isaac::runtime::RegisterOptionsTable(lua_State*)
00000000000208d0 00000000000000cc t isaac::runtime::ShouldDispatchManagedCallbacks()
00000000000209a0 0000000000000088 t int isaac::runtime::ReportApiError<>(lua_State*, char const*)
0000000000020a30 00000000000001ec t isaac::runtime::(anonymous namespace)::EntityPlayerGetTrinketMultiplier(lua_State*)
0000000000020c20 0000000000000214 t isaac::runtime::(anonymous namespace)::EntityPlayerGetCollectibleNum(lua_State*)
0000000000020e40 00000000000001bc t isaac::runtime::(anonymous namespace)::EntityPlayerGetTrinket(lua_State*)
0000000000021000 00000000000001fc t isaac::runtime::(anonymous namespace)::EntityPlayerGetActiveItem(lua_State*)
00000000000211fc 0000000000000040 t isaac::runtime::(anonymous namespace)::SkipWhitespace(isaac::runtime::(anonymous namespace)::DecodeCursor*)
000000000002123c 000000000000000c t isaac::runtime::(anonymous namespace)::SinkHeader(isaac::runtime::(anonymous namespace)::ByteSink const*)
0000000000021248 00000000000000e8 t isaac::runtime::(anonymous namespace)::SinkReserve(isaac::runtime::(anonymous namespace)::ByteSink*, unsigned long)
0000000000021330 0000000000000054 t isaac::runtime::(anonymous namespace)::AppendRaw(isaac::runtime::(anonymous namespace)::ByteSink*, char const*, unsigned long)
0000000000021384 0000000000000040 t isaac::runtime::(anonymous namespace)::AppendChar(isaac::runtime::(anonymous namespace)::ByteSink*, char)
00000000000213c4 0000000000000184 t isaac::runtime::(anonymous namespace)::AppendEscapedString(isaac::runtime::(anonymous namespace)::ByteSink*, char const*, unsigned long)
0000000000021548 0000000000000114 t isaac::runtime::(anonymous namespace)::AppendNumber(isaac::runtime::(anonymous namespace)::ByteSink*, lua_State*, int)
000000000002165c 0000000000000424 t isaac::runtime::(anonymous namespace)::AppendEncodedValue(lua_State*, int, isaac::runtime::(anonymous namespace)::EncodeContext*)
0000000000021a80 0000000000000010 t isaac::runtime::(anonymous namespace)::FailDecode(lua_State*, isaac::runtime::(anonymous namespace)::DecodeCursor const*, char const*) [clone .isra.0]
0000000000021a90 0000000000000080 t isaac::runtime::(anonymous namespace)::ExpectLiteral(lua_State*, isaac::runtime::(anonymous namespace)::DecodeCursor*, char const*, unsigned long)
0000000000021b10 00000000000000b4 t isaac::runtime::(anonymous namespace)::ReadHexCodeUnit(lua_State*, isaac::runtime::(anonymous namespace)::DecodeCursor*, unsigned int*) [clone .constprop.0]
0000000000021bc4 00000000000000a4 t isaac::runtime::(anonymous namespace)::JsonEncode(lua_State*)
0000000000021c68 0000000000000358 t isaac::runtime::(anonymous namespace)::ParseJsonString(lua_State*, isaac::runtime::(anonymous namespace)::DecodeCursor*, isaac::runtime::(anonymous namespace)::ByteSink*)
0000000000021fc0 00000000000005a0 t isaac::runtime::(anonymous namespace)::ParseJsonValue(lua_State*, isaac::runtime::(anonymous namespace)::DecodeCursor*, isaac::runtime::(anonymous namespace)::DecodeContext*, bool*)
0000000000022560 00000000000000d8 t isaac::runtime::(anonymous namespace)::JsonDecode(lua_State*)
0000000000022638 0000000000000084 t isaac::runtime::RegisterJsonModule(lua_State*)
00000000000226bc 0000000000000058 t isaac::runtime::(anonymous namespace)::PersistenceErrorMessage(ModPersistence::Result)
0000000000022714 0000000000000058 t isaac::runtime::(anonymous namespace)::CheckModHandle(lua_State*, int, char const*)
000000000002276c 0000000000000090 t isaac::runtime::(anonymous namespace)::PushNamedCallbacksTable(lua_State*) [clone .isra.0]
00000000000227fc 0000000000000008 t ModPersistence::detail::WriteU32(unsigned char*, unsigned int)
0000000000022804 0000000000000020 t ModPersistence::detail::WriteU64(unsigned char*, unsigned long)
0000000000022824 000000000000002c t ModPersistence::detail::ReadU32(unsigned char const*)
0000000000022850 000000000000002c t ModPersistence::detail::ReadU64(unsigned char const*)
000000000002287c 00000000000000b4 t ModPersistence::detail::RecordAt(unsigned char const*, unsigned long, unsigned long, unsigned long*, unsigned long*, unsigned long*, unsigned char*, unsigned long*)
0000000000022930 000000000000029c t ModPersistence::detail::LoadCache()
0000000000022bcc 00000000000001ec t ModPersistence::detail::WriteCache(unsigned char const*, unsigned long, unsigned int)
0000000000022db8 0000000000000214 t ModPersistence::detail::Rewrite(unsigned long, char const*, unsigned long, bool)
0000000000022fcc 0000000000000080 t isaac::runtime::(anonymous namespace)::ModSaveData(lua_State*)
000000000002304c 0000000000000070 t isaac::runtime::(anonymous namespace)::ModRemoveData(lua_State*)
00000000000230bc 0000000000000124 t ModPersistence::LoadModData(unsigned long, char const**, unsigned long*)
00000000000231e0 0000000000000090 t isaac::runtime::(anonymous namespace)::ModHasData(lua_State*)
0000000000023270 000000000000009c t isaac::runtime::(anonymous namespace)::ModLoadData(lua_State*)
000000000002330c 0000000000000018 t isaac::runtime::AttachModMethods(lua_State*)
0000000000023324 00000000000001a4 t isaac::runtime::RegisterNamedCallback(lua_State*, char const*)
00000000000234c8 00000000000000a0 t isaac::runtime::PushNamedCallbacks(lua_State*, char const*)
0000000000023568 0000000000000204 t isaac::runtime::RunNamedCallbacks(lua_State*, char const*, int)
000000000002376c 0000000000000088 t LuaRuntime::RecordCallbackRegistration(unsigned int, bool)
00000000000237f4 00000000000001dc t isaac::runtime::(anonymous namespace)::ModAddCallback(lua_State*)
00000000000239d0 0000000000000010 t LuaRuntime::RegisteredCallbackKindMaskLow()
00000000000239e0 0000000000000010 t LuaRuntime::RegisteredCallbackKindMaskHigh()
00000000000239f0 0000000000000010 t LuaRuntime::DispatchableCallbackRegistrationCount()
0000000000023a00 0000000000000010 t LuaRuntime::UnhookedCallbackRegistrationCount()
0000000000023a10 0000000000000014 t _GLOBAL__sub_D_mod_api.cpp
0000000000023a24 000000000000008c t isaac::runtime::(anonymous namespace)::MusicResume(lua_State*)
0000000000023ab0 000000000000008c t isaac::runtime::(anonymous namespace)::MusicPause(lua_State*)
0000000000023b3c 00000000000000ac t isaac::runtime::(anonymous namespace)::MusicGetCurrentMusicId(lua_State*)
0000000000023be8 0000000000000018 t isaac::runtime::AttachMusicMethods(lua_State*)
0000000000023c00 000000000000012c t isaac::runtime::AttachOwnerMethods(lua_State*, char const*, isaac::runtime::LuaHandlerBinding const*, unsigned long)
0000000000023d2c 000000000000015c t isaac::runtime::(anonymous namespace)::RoomGetGridIndex(lua_State*)
0000000000023e88 00000000000001b0 t isaac::runtime::(anonymous namespace)::ItemPoolGetCollectible(lua_State*)
0000000000024038 00000000000000c4 t isaac::runtime::(anonymous namespace)::LevelIsAscent(lua_State*)
00000000000240fc 00000000000000c4 t isaac::runtime::(anonymous namespace)::RoomGetType(lua_State*)
00000000000241c0 0000000000000094 t isaac::runtime::(anonymous namespace)::RoomGetGridPath(lua_State*)
0000000000024254 0000000000000084 t isaac::runtime::(anonymous namespace)::RoomArgumentCountIs(lua_State*, int, char const*) [clone .constprop.0]
00000000000242d8 0000000000000044 t isaac::runtime::(anonymous namespace)::RoomGetGridWidth(lua_State*)
000000000002431c 0000000000000044 t isaac::runtime::(anonymous namespace)::RoomGetGridHeight(lua_State*)
0000000000024360 0000000000000044 t isaac::runtime::(anonymous namespace)::RoomGetGridSize(lua_State*)
00000000000243a4 00000000000000c4 t isaac::runtime::(anonymous namespace)::LevelGetStage(lua_State*)
0000000000024468 0000000000000090 t isaac::runtime::(anonymous namespace)::RoomGetGridEntity(lua_State*)
00000000000244f8 0000000000000120 t isaac::runtime::(anonymous namespace)::IsEngineMemoryReadable(unsigned long, unsigned long)
0000000000024618 00000000000000e8 t isaac::runtime::(anonymous namespace)::ItemPoolGetLastPool(lua_State*)
0000000000024700 000000000000009c t isaac::runtime::(anonymous namespace)::CallGameCurseAccessor(unsigned long, std::array<unsigned char, 16ul> const&, bool*) [clone .constprop.0]
000000000002479c 00000000000001a0 t isaac::runtime::(anonymous namespace)::LevelGetCurses(lua_State*)
000000000002493c 0000000000000018 t isaac::runtime::AttachLevelMethods(lua_State*)
0000000000024954 0000000000000018 t isaac::runtime::AttachRoomMethods(lua_State*)
000000000002496c 0000000000000018 t isaac::runtime::AttachItemPoolMethods(lua_State*)
0000000000024984 000000000000009c t isaac::runtime::(anonymous namespace)::RngNext(lua_State*)
0000000000024a20 0000000000000108 t isaac::runtime::(anonymous namespace)::RngSetSeed(lua_State*)
0000000000024b28 0000000000000018 t isaac::runtime::AttachRngMethods(lua_State*)
0000000000024b40 0000000000000064 t isaac::runtime::(anonymous namespace)::RecordSpriteReplaceSpritesheetForProbe(unsigned int, char const*)
0000000000024ba4 0000000000000184 t isaac::runtime::(anonymous namespace)::BuildNativeString(char const*, bool)
0000000000024d28 0000000000000048 t isaac::runtime::RecordApiSequence(unsigned int) [clone .part.0]
0000000000024d70 00000000000000c4 t isaac::runtime::(anonymous namespace)::ResolveSprite(lua_State*, char const*, void**) [clone .constprop.0]
0000000000024e34 0000000000000178 t isaac::runtime::(anonymous namespace)::SpriteReplaceSpritesheet(lua_State*)
0000000000024fac 000000000000012c t isaac::runtime::(anonymous namespace)::SpriteLoad(lua_State*)
00000000000250d8 0000000000000084 t isaac::runtime::(anonymous namespace)::SpriteLoadGraphics(lua_State*)
000000000002515c 0000000000000114 t isaac::runtime::(anonymous namespace)::SpritePlay(lua_State*)
0000000000025270 0000000000000110 t isaac::runtime::(anonymous namespace)::SpriteSetAnimation(lua_State*)
0000000000025380 000000000000013c t isaac::runtime::(anonymous namespace)::SpriteSetFrame(lua_State*)
00000000000254bc 0000000000000098 t isaac::runtime::(anonymous namespace)::SpriteGetFrame(lua_State*)
0000000000025554 00000000000000f0 t isaac::runtime::(anonymous namespace)::SpriteSetLayerFrame(lua_State*)
0000000000025644 00000000000000c4 t isaac::runtime::(anonymous namespace)::SpriteGetLayerFrame(lua_State*)
0000000000025708 0000000000000084 t isaac::runtime::(anonymous namespace)::SpriteUpdate(lua_State*)
000000000002578c 00000000000000dc t isaac::runtime::(anonymous namespace)::SpriteIsPlaying(lua_State*)
0000000000025868 00000000000000dc t isaac::runtime::(anonymous namespace)::SpriteIsFinished(lua_State*)
0000000000025944 00000000000000c8 t isaac::runtime::(anonymous namespace)::SpritePlayRandom(lua_State*)
0000000000025a0c 0000000000000078 t isaac::runtime::(anonymous namespace)::PushTexelFallback(lua_State*, unsigned int) [clone .isra.0]
0000000000025a84 00000000000000bc t isaac::runtime::(anonymous namespace)::RequireClampVectors(lua_State*, int, LuaRuntime::VectorHandle**, LuaRuntime::VectorHandle**) [clone .isra.0]
0000000000025b40 0000000000000110 t isaac::runtime::(anonymous namespace)::SpriteRenderLayer(lua_State*)
0000000000025c50 00000000000000e8 t isaac::runtime::(anonymous namespace)::SpriteRender(lua_State*)
0000000000025d38 0000000000000120 t isaac::runtime::(anonymous namespace)::IsEngineMemoryReadable(unsigned long, unsigned long)
0000000000025e58 00000000000000a4 t isaac::runtime::SpriteIsLoaded(lua_State*)
0000000000025efc 0000000000000298 t isaac::runtime::(anonymous namespace)::SpriteGetTexel(lua_State*)
0000000000026194 0000000000000134 t isaac::runtime::SpriteGetAnimation(lua_State*)
00000000000262c8 0000000000000088 t isaac::runtime::PushEngineEntitySpriteHandle(lua_State*, void*)
0000000000026350 00000000000000f8 t isaac::runtime::CreateSpriteHandle(lua_State*)
0000000000026448 00000000000001e4 t isaac::runtime::SpriteIndex(lua_State*)
000000000002662c 00000000000001a0 t isaac::runtime::SpriteNewIndex(lua_State*)
00000000000267cc 000000000000006c t isaac::runtime::DestroySpriteHandle(lua_State*)
0000000000026838 0000000000000018 t isaac::runtime::AttachSpriteMethods(lua_State*)
0000000000026850 0000000000000058 t isaac::runtime::(anonymous namespace)::PushVector(lua_State*, float, float)
00000000000268a8 000000000000000c t isaac::runtime::(anonymous namespace)::CheckVector(lua_State*, int)
00000000000268b4 00000000000000c4 t isaac::runtime::(anonymous namespace)::VectorLerp(lua_State*)
0000000000026978 0000000000000148 t isaac::runtime::(anonymous namespace)::VectorClamped(lua_State*)
0000000000026ac0 0000000000000140 t isaac::runtime::(anonymous namespace)::VectorClamp(lua_State*)
0000000000026c00 000000000000008c t isaac::runtime::(anonymous namespace)::VectorCross(lua_State*)
0000000000026c8c 000000000000008c t isaac::runtime::(anonymous namespace)::VectorDot(lua_State*)
0000000000026d18 0000000000000094 t isaac::runtime::(anonymous namespace)::VectorDistanceSquared(lua_State*)
0000000000026dac 0000000000000098 t isaac::runtime::(anonymous namespace)::VectorDistance(lua_State*)
0000000000026e44 000000000000007c t isaac::runtime::(anonymous namespace)::VectorLengthSquared(lua_State*)
0000000000026ec0 00000000000000ac t isaac::runtime::VectorFromAngle(lua_State*)
0000000000026f6c 00000000000000e0 t isaac::runtime::(anonymous namespace)::VectorRotated(lua_State*)
000000000002704c 0000000000000088 t isaac::runtime::(anonymous namespace)::VectorGetAngleDegrees(lua_State*)
00000000000270d4 0000000000000080 t isaac::runtime::(anonymous namespace)::VectorLength(lua_State*)
0000000000027154 000000000000007c t isaac::runtime::(anonymous namespace)::ScaledTo(LuaRuntime::VectorHandle const&, float)
00000000000271d0 00000000000000b4 t isaac::runtime::(anonymous namespace)::VectorResized(lua_State*)
0000000000027284 0000000000000088 t isaac::runtime::(anonymous namespace)::VectorResize(lua_State*)
000000000002730c 0000000000000094 t isaac::runtime::(anonymous namespace)::VectorNormalized(lua_State*)
00000000000273a0 0000000000000064 t isaac::runtime::(anonymous namespace)::VectorNormalize(lua_State*)
0000000000027404 00000000000000ec t isaac::runtime::CreateVectorHandle(lua_State*)
00000000000274f0 0000000000000188 t isaac::runtime::VectorIndex(lua_State*)
0000000000027678 0000000000000110 t isaac::runtime::VectorNewIndex(lua_State*)
0000000000027788 0000000000000050 t isaac::runtime::VectorAdd(lua_State*)
00000000000277d8 0000000000000050 t isaac::runtime::VectorSub(lua_State*)
0000000000027828 0000000000000080 t isaac::runtime::VectorMul(lua_State*)
00000000000278a8 000000000000007c t isaac::runtime::VectorDiv(lua_State*)
0000000000027924 000000000000003c t isaac::runtime::VectorUnaryMinus(lua_State*)
0000000000027960 0000000000000080 t isaac::runtime::VectorEqual(lua_State*)
00000000000279e0 0000000000000054 t isaac::runtime::VectorToString(lua_State*)
0000000000027a34 00000000000000b8 t isaac::runtime::VectorClassIndex(lua_State*)
0000000000027aec 0000000000000018 t isaac::runtime::AttachVectorMethods(lua_State*)
0000000000027b04 000000000000006c t ModPersistence::detail::RawFilePort::Open(std::basic_string_view<char, std::char_traits<char> >, isaac::runtime::FileMode, void**)
0000000000027b70 000000000000005c t ModPersistence::detail::RawFilePort::Read(void*, unsigned char*, unsigned long, unsigned long*)
0000000000027bcc 000000000000005c t ModPersistence::detail::RawFilePort::Write(void*, unsigned char const*, unsigned long, unsigned long*)
0000000000027c28 000000000000003c t ModPersistence::detail::RawFilePort::Close(void*)
0000000000027c64 00000000000000cc t (anonymous namespace)::WriteDiagnosticsGate(unsigned int)
0000000000027d30 0000000000000060 t (anonymous namespace)::SaltyNxDiagnosticFilePort::Read(void*, unsigned char*, unsigned long, unsigned long*)
0000000000027d90 0000000000000060 t (anonymous namespace)::SaltyNxDiagnosticFilePort::Write(void*, unsigned char const*, unsigned long, unsigned long*)
0000000000027df0 0000000000000040 t (anonymous namespace)::SaltyNxDiagnosticFilePort::Close(void*)
0000000000027e30 0000000000000004 t (anonymous namespace)::SaltyNxDiagnosticFilePort::~SaltyNxDiagnosticFilePort()
0000000000027e30 0000000000000004 t (anonymous namespace)::SaltyNxDiagnosticFilePort::~SaltyNxDiagnosticFilePort()
0000000000027e34 0000000000000004 t ModPersistence::detail::RawFilePort::~RawFilePort()
0000000000027e34 0000000000000004 t ModPersistence::detail::RawFilePort::~RawFilePort()
0000000000027e38 0000000000000008 t ModPersistence::detail::RawFilePort::~RawFilePort()
0000000000027e40 0000000000000008 t (anonymous namespace)::SaltyNxDiagnosticFilePort::~SaltyNxDiagnosticFilePort()
0000000000027e48 0000000000000044 T IsaacModRuntime_GetRuntimeIdentity
0000000000027e8c 0000000000000014 t std::__atomic_base<unsigned int>::operator++() [clone .isra.0]
0000000000027ea0 00000000000000b0 t isaac::runtime::DiagnosticEventBus<4ul>::Publish(isaac::runtime::DiagnosticEvent const&) [clone .isra.0]
0000000000027f50 00000000000000b0 t (anonymous namespace)::SaltyNxDiagnosticFilePort::Open(std::basic_string_view<char, std::char_traits<char> >, isaac::runtime::FileMode, void**)
0000000000028000 0000000000000180 t isaac::runtime::DiagnosticSession::AttachFilePort(isaac::runtime::IFilePort&, std::basic_string_view<char, std::char_traits<char> >)
0000000000028180 000000000000000c t IsaacModRuntime_PublishRuntimeSelf
000000000002818c 0000000000000084 T IsaacModRuntime_GetDiagnosticsState
0000000000028210 0000000000000044 t EnsureThreadTlsPointer()
0000000000028254 0000000000000004 t IsaacModRuntime_EnsureThreadTls
0000000000028258 0000000000000048 T IsaacModRuntime_SetPluginNote
00000000000282a0 0000000000000018 T IsaacModRuntime_GetFileApiSlot
00000000000282b8 00000000000000b0 T IsaacModRuntime_GetSelfJournalState
0000000000028368 0000000000000184 t isaac::runtime::BoundedFileJournal<4ul>::Flush()
00000000000284ec 00000000000001fc t TryAttachDiagnostics()
00000000000286e8 0000000000000004 t IsaacModRuntime_TryAttachDiagnostics
00000000000286ec 0000000000000014 t _GLOBAL__sub_D_saltynx_runtime_bridge.cpp
0000000000028700 0000000000000118 T IsaacModRuntime_RegisterSaltyFileApi
0000000000028820 0000000000000030 t TestRunObserver::Mark(TestRunObserver::State, unsigned int)
0000000000028850 0000000000000010 t TestRunObserver::MarkDiagnosticsAttach(unsigned int)
0000000000028860 000000000000011c T IsaacModRuntime_GetTestRunSnapshot
000000000002897c 00000000000000a0 t index2addr
0000000000028a1c 0000000000000008 t growstack
0000000000028a24 00000000000000a8 t auxgetstr
0000000000028acc 00000000000000dc t auxsetstr
0000000000028ba8 000000000000000c t f_call
0000000000028bb4 00000000000000bc t aux_upvalue.constprop.0
0000000000028c70 0000000000000020 t reverse.isra.0
0000000000028c90 00000000000000a4 t lua_checkstack
0000000000028d34 0000000000000044 t lua_xmove
0000000000028d78 0000000000000010 t lua_atpanic
0000000000028d88 000000000000001c t lua_version
0000000000028da4 0000000000000034 t lua_absindex
0000000000028dd8 000000000000001c t lua_gettop
0000000000028df4 0000000000000048 t lua_settop
0000000000028e3c 0000000000000058 t lua_rotate
0000000000028e94 000000000000007c t lua_copy
0000000000028f10 000000000000002c t lua_pushvalue
0000000000028f3c 0000000000000034 t lua_type
0000000000028f70 0000000000000014 t lua_typename
0000000000028f84 0000000000000020 t lua_isinteger
0000000000028fa4 0000000000000030 t lua_isnumber
0000000000028fd4 0000000000000028 t lua_isstring
0000000000028ffc 000000000000005c t lua_rawequal
0000000000029058 0000000000000094 t lua_compare
00000000000290ec 0000000000000038 t lua_stringtonumber
0000000000029124 0000000000000058 t lua_tonumberx
000000000002917c 000000000000005c t lua_tointegerx
00000000000291d8 000000000000003c t lua_toboolean
0000000000029214 00000000000000b8 t lua_tolstring
00000000000292cc 000000000000007c t lua_rawlen
0000000000029348 0000000000000044 t lua_touserdata
000000000002938c 000000000000002c t lua_tothread
00000000000293b8 0000000000000068 t lua_topointer
0000000000029420 0000000000000014 t lua_pushnil
0000000000029434 000000000000001c t lua_pushnumber
0000000000029450 000000000000001c t lua_pushinteger
000000000002946c 0000000000000070 t lua_pushlstring
00000000000294dc 0000000000000070 t lua_pushstring
000000000002954c 0000000000000050 t lua_pushvfstring
000000000002959c 0000000000000090 t lua_pushfstring
000000000002962c 00000000000000ac t lua_pushcclosure
00000000000296d8 0000000000000024 t lua_pushboolean
00000000000296fc 000000000000002c t lua_pushthread
0000000000029728 000000000000003c t lua_getglobal
0000000000029764 0000000000000084 t lua_gettable
00000000000297e8 0000000000000028 t lua_getfield
0000000000029810 00000000000000a0 t lua_geti
00000000000298b0 0000000000000044 t lua_rawget
00000000000298f4 0000000000000050 t lua_rawgeti
0000000000029944 0000000000000084 t lua_createtable
00000000000299c8 000000000000007c t lua_getmetatable
0000000000029a44 000000000000003c t lua_getuservalue
0000000000029a80 000000000000003c t lua_setglobal
0000000000029abc 0000000000000028 t lua_setfield
0000000000029ae4 00000000000000d0 t lua_seti
0000000000029bb4 0000000000000088 t lua_rawset
0000000000029c3c 000000000000007c t lua_rawseti
0000000000029cb8 00000000000000c8 t lua_setmetatable
0000000000029d80 0000000000000068 t lua_setuservalue
0000000000029de8 000000000000007c t lua_callk
0000000000029e64 0000000000000100 t lua_pcallk
0000000000029f64 00000000000000bc t lua_load
000000000002a020 0000000000000030 t lua_dump
000000000002a050 0000000000000008 t lua_status
000000000002a058 0000000000000144 t lua_gc
000000000002a19c 000000000000000c t lua_error
000000000002a1a8 000000000000004c t lua_next
000000000002a1f4 0000000000000080 t lua_concat
000000000002a274 000000000000003c t lua_len
000000000002a2b0 000000000000001c t lua_getallocf
000000000002a2cc 0000000000000058 t lua_newuserdata
000000000002a324 00000000000000c0 t lua_setupvalue
000000000002a3e4 0000000000000018 t getS
000000000002a3fc 0000000000000114 t findfield
000000000002a510 00000000000000f0 t pushglobalfuncname
000000000002a600 0000000000000068 t getF
000000000002a668 0000000000000058 t panic
000000000002a6c0 0000000000000028 t l_alloc
000000000002a6e8 00000000000000b8 t skipcomment
000000000002a7a0 0000000000000084 t errfile.isra.0
000000000002a824 0000000000000070 t luaL_where
000000000002a894 0000000000000098 t luaL_error
000000000002a92c 00000000000000f8 t luaL_argerror
000000000002aa24 0000000000000098 t resizebox
000000000002aabc 0000000000000020 t boxgc
000000000002aadc 000000000000009c t luaL_newmetatable
000000000002ab78 000000000000008c t luaL_testudata
000000000002ac04 0000000000000060 t luaL_checkstack
000000000002ac64 0000000000000048 t luaL_checkany
000000000002acac 0000000000000120 t luaL_prepbuffsize
000000000002adcc 0000000000000054 t luaL_addlstring
000000000002ae20 0000000000000034 t luaL_addstring
000000000002ae54 000000000000006c t luaL_pushresult
000000000002aec0 0000000000000010 t luaL_pushresultsize
000000000002aed0 0000000000000094 t luaL_addvalue
000000000002af64 0000000000000014 t luaL_buffinit
000000000002af78 0000000000000020 t luaL_buffinitsize
000000000002af98 00000000000000d8 t luaL_ref
000000000002b070 0000000000000070 t luaL_unref
000000000002b0e0 00000000000001c4 t luaL_loadfilex
000000000002b2a4 0000000000000024 t luaL_loadbufferx
000000000002b2c8 0000000000000080 t luaL_getmetafield
000000000002b348 00000000000000b0 t typeerror.isra.0
000000000002b3f8 0000000000000034 t tag_error
000000000002b42c 0000000000000044 t luaL_checktype
000000000002b470 0000000000000040 t luaL_checklstring
000000000002b4b0 0000000000000078 t luaL_optlstring
000000000002b528 000000000000009c t luaL_checkoption
000000000002b5c4 0000000000000040 t luaL_checknumber
000000000002b604 0000000000000054 t luaL_optnumber
000000000002b658 0000000000000078 t luaL_checkinteger
000000000002b6d0 0000000000000048 t luaL_optinteger
000000000002b718 0000000000000044 t luaL_checkudata
000000000002b75c 0000000000000064 t luaL_callmeta
000000000002b7c0 000000000000005c t luaL_len
000000000002b81c 0000000000000158 t luaL_tolstring
000000000002b974 00000000000000a0 t luaL_setfuncs
000000000002ba14 000000000000008c t luaL_getsubtable
000000000002baa0 0000000000000104 t luaL_requiref
000000000002bba4 0000000000000040 t luaL_newstate
000000000002bbe4 00000000000000a8 t luaL_checkversion_
000000000002bc8c 0000000000000018 t dofilecont
000000000002bca4 0000000000000060 t luaB_type
000000000002bd04 0000000000000030 t luaB_tostring
000000000002bd34 00000000000000b8 t luaB_select
000000000002bdec 00000000000000a4 t luaB_setmetatable
000000000002be90 000000000000005c t luaB_rawset
000000000002beec 0000000000000050 t luaB_rawget
000000000002bf3c 0000000000000060 t luaB_rawlen
000000000002bf9c 0000000000000050 t luaB_rawequal
000000000002bfec 0000000000000134 t luaB_print
000000000002c120 0000000000000054 t luaB_ipairs
000000000002c174 0000000000000058 t luaB_next
000000000002c1cc 00000000000000cc t generic_reader
000000000002c298 0000000000000054 t ipairsaux
000000000002c2ec 000000000000007c t luaB_error
000000000002c368 00000000000000d4 t luaB_collectgarbage
000000000002c43c 0000000000000050 t finishpcall
000000000002c48c 0000000000000088 t luaB_xpcall
000000000002c514 0000000000000074 t luaB_pcall
000000000002c588 000000000000006c t load_aux
000000000002c5f4 00000000000000fc t luaB_load
000000000002c6f0 000000000000008c t luaB_loadfile
000000000002c77c 0000000000000058 t luaB_getmetatable
000000000002c7d4 0000000000000088 t luaB_dofile
000000000002c85c 0000000000000080 t luaB_assert
000000000002c8dc 00000000000001f4 t luaB_tonumber
000000000002cad0 0000000000000094 t luaB_pairs
000000000002cb64 0000000000000088 t luaopen_base
000000000002cbec 000000000000015c t addk
000000000002cd48 0000000000000020 t freereg
000000000002cd68 0000000000000064 t freeexps
000000000002cdcc 0000000000000054 t fixjump
000000000002ce20 0000000000000018 t freeexp
000000000002ce38 0000000000000030 t getjumpcontrol.isra.0
000000000002ce68 0000000000000068 t patchtestreg.isra.0
000000000002ced0 0000000000000030 t negatecondition.isra.0
000000000002cf00 0000000000000024 t getjump.isra.0
000000000002cf24 000000000000008c t patchlistaux
000000000002cfb0 00000000000000e4 t luaK_code
000000000002d094 000000000000006c t need_value
000000000002d100 0000000000000050 t removevalues
000000000002d150 00000000000001b0 t constfolding
000000000002d300 0000000000000064 t luaK_concat
000000000002d364 000000000000004c t luaK_jump
000000000002d3b0 0000000000000010 t luaK_getlabel
000000000002d3c0 0000000000000014 t luaK_patchtohere
000000000002d3d4 000000000000001c t luaK_patchlist
000000000002d3f0 0000000000000054 t luaK_patchclose
000000000002d444 0000000000000014 t luaK_codeABC
000000000002d458 0000000000000098 t luaK_nil
000000000002d4f0 0000000000000014 t luaK_ret
000000000002d504 000000000000000c t luaK_codeABx
000000000002d510 000000000000006c t luaK_codek
000000000002d57c 0000000000000040 t luaK_checkstack
000000000002d5bc 0000000000000030 t luaK_reserveregs
000000000002d5ec 000000000000002c t luaK_stringK
000000000002d618 0000000000000034 t luaK_intK
000000000002d64c 0000000000000070 t luaK_setreturns
000000000002d6bc 0000000000000064 t luaK_setoneret
000000000002d720 00000000000000c0 t luaK_dischargevars
000000000002d7e0 0000000000000130 t discharge2reg
000000000002d910 0000000000000148 t exp2reg
000000000002da58 00000000000000c0 t jumponcond
000000000002db18 0000000000000048 t luaK_exp2nextreg
000000000002db60 0000000000000070 t luaK_exp2anyreg
000000000002dbd0 0000000000000020 t luaK_exp2anyregup
000000000002dbf0 0000000000000014 t luaK_exp2val
000000000002dc04 00000000000000f8 t luaK_exp2RK
000000000002dcfc 00000000000000b8 t luaK_storevar
000000000002ddb4 0000000000000088 t luaK_self
000000000002de3c 0000000000000098 t luaK_goiftrue
000000000002ded4 0000000000000084 t luaK_goiffalse
000000000002df58 000000000000004c t luaK_indexed
000000000002dfa4 0000000000000064 t luaK_infix
000000000002e008 0000000000000018 t luaK_fixline
000000000002e020 0000000000000180 t luaK_prefix
000000000002e1a0 0000000000000094 t codebinexpval
000000000002e234 00000000000001f0 t luaK_posfix
000000000002e424 0000000000000090 t luaK_setlist
000000000002e4b4 0000000000000030 t luaB_yieldable
000000000002e4e4 0000000000000030 t luaB_yield
000000000002e514 00000000000000fc t auxresume
000000000002e610 0000000000000030 t luaB_corunning
000000000002e640 0000000000000054 t luaB_cocreate
000000000002e694 0000000000000038 t luaB_cowrap
000000000002e6cc 0000000000000094 t luaB_auxwrap
000000000002e760 0000000000000044 t getco
000000000002e7a4 0000000000000098 t luaB_costatus
000000000002e83c 0000000000000088 t luaB_coresume
000000000002e8c4 0000000000000058 t luaopen_coroutine
000000000002e91c 0000000000000024 t currentpc
000000000002e940 0000000000000034 t currentline
000000000002e974 0000000000000030 t swapextra
000000000002e9a4 00000000000002dc t getobjname
000000000002ec80 0000000000000070 t kname
000000000002ecf0 00000000000000f4 t varinfo
000000000002ede4 0000000000000040 t lua_getstack
000000000002ee24 00000000000003e0 t lua_getinfo
000000000002f204 0000000000000064 t luaG_addinfo
000000000002f268 0000000000000054 t luaG_errormsg
000000000002f2bc 00000000000000a8 t luaG_runerror
000000000002f364 000000000000004c t luaG_typeerror
000000000002f3b0 0000000000000028 t luaG_concaterror
000000000002f3d8 0000000000000058 t luaG_opinterror
000000000002f430 000000000000006c t luaG_tointerror
000000000002f49c 0000000000000064 t luaG_ordererror
000000000002f500 000000000000013c t luaG_traceexec
000000000002f640 00000000000000f8 t luaD_throw
000000000002f740 0000000000000048 t resume_error
000000000002f790 0000000000000114 t f_parser
000000000002f8b0 0000000000000068 t luaD_rawrunprotected
000000000002f920 0000000000000120 t luaD_reallocstack
000000000002fa40 000000000000002c t luaD_growstack.part.0
000000000002fa70 0000000000000064 t luaD_growstack
000000000002fae0 00000000000000b8 t luaD_shrinkstack
000000000002fba0 0000000000000094 t luaD_inctop
000000000002fc40 0000000000000124 t luaD_hook
000000000002fd70 0000000000000408 t unroll
0000000000030180 0000000000000064 t luaD_rawrunprotected.constprop.0
00000000000301f0 00000000000002a8 t luaD_poscall
00000000000304a0 0000000000000534 t luaD_precall
00000000000309e0 0000000000000110 t resume
0000000000030af0 0000000000000090 t luaD_call
0000000000030b80 0000000000000094 t luaD_callnoyield
0000000000030c20 0000000000000284 t lua_resume
0000000000030eb0 0000000000000010 t lua_isyieldable
0000000000030ec0 0000000000000098 t lua_yieldk
0000000000030f60 000000000000018c t luaD_pcall
00000000000310f0 0000000000000244 t luaD_protectedparser
0000000000031334 0000000000000040 t DumpBlock
0000000000031374 0000000000000024 t DumpByte
0000000000031398 0000000000000024 t DumpInt
00000000000313bc 0000000000000088 t DumpString
0000000000031444 00000000000002ec t DumpFunction
0000000000031730 0000000000000104 t luaU_dump
0000000000031834 0000000000000034 t luaF_newCclosure
0000000000031868 0000000000000058 t luaF_newLclosure
00000000000318c0 0000000000000074 t luaF_initupvals
0000000000031934 000000000000009c t luaF_findupval
00000000000319d0 0000000000000078 t luaF_close
0000000000031a48 000000000000003c t luaF_newproto
0000000000031a84 00000000000000bc t luaF_freeproto
0000000000031b40 0000000000000058 t luaF_getlocalname
0000000000031ba0 0000000000000218 t reallymarkobject
0000000000031dc0 0000000000000170 t GCTM
0000000000031f30 0000000000000010 t dothecall
0000000000031f40 000000000000016c t freeobj
00000000000320b0 0000000000000144 t clearkeys.constprop.0
0000000000032200 000000000000014c t clearvalues
0000000000032350 00000000000001d4 t traverseephemeron
0000000000032530 0000000000000760 t propagatemark
0000000000032c90 0000000000000d7c t singlestep
0000000000033a10 0000000000000244 t luaC_barrier_
0000000000033c60 0000000000000020 t luaC_barrierback_
0000000000033c80 000000000000002c t luaC_upvalbarrier_
0000000000033cb0 0000000000000028 t luaC_fix
0000000000033ce0 000000000000004c t luaC_newobj
0000000000033d30 0000000000000160 t luaC_checkfinalizer
0000000000033e90 0000000000000214 t luaC_freeallobjects
00000000000340b0 000000000000018c t luaC_step
0000000000034240 00000000000001bc t luaC_fullgc
00000000000343fc 0000000000000064 t check_next1
0000000000034460 000000000000007c t luaX_init
00000000000344dc 000000000000004c t luaX_token2str
0000000000034528 0000000000000098 t lexerror
00000000000345c0 000000000000007c t save
000000000003463c 00000000000000b8 t skip_sep
00000000000346f4 0000000000000080 t check_next2
0000000000034774 00000000000000c0 t inclinenumber
0000000000034834 000000000000006c t esccheck
00000000000348a0 0000000000000080 t gethexa
0000000000034920 0000000000000178 t read_numeral
0000000000034a98 0000000000000010 t luaX_syntaxerror
0000000000034aa8 00000000000000a0 t luaX_newstring
0000000000034b48 00000000000001b8 t read_long_string
0000000000034d00 0000000000000ae8 t llex
00000000000357e8 000000000000007c t luaX_setinput
0000000000035864 0000000000000050 t luaX_next
00000000000358b4 0000000000000028 t luaX_lookahead
00000000000358dc 0000000000000034 t math_rad
0000000000035910 0000000000000034 t math_deg
0000000000035944 000000000000002c t math_tan
0000000000035970 000000000000002c t math_sqrt
000000000003599c 000000000000002c t math_sin
00000000000359c8 0000000000000028 t math_randomseed
00000000000359f0 000000000000013c t math_random
0000000000035b2c 000000000000008c t math_min
0000000000035bb8 0000000000000088 t math_max
0000000000035c40 00000000000000bc t math_log
0000000000035cfc 0000000000000048 t math_ult
0000000000035d44 00000000000000d8 t math_fmod
0000000000035e1c 000000000000002c t math_exp
0000000000035e48 000000000000002c t math_cos
0000000000035e74 0000000000000058 t math_atan
0000000000035ecc 000000000000002c t math_asin
0000000000035ef8 000000000000002c t math_acos
0000000000035f24 0000000000000038 t pushnumint
0000000000035f5c 000000000000006c t math_type
0000000000035fc8 0000000000000050 t math_ceil
0000000000036018 0000000000000088 t math_modf
00000000000360a0 0000000000000050 t math_floor
00000000000360f0 0000000000000058 t math_toint
0000000000036148 0000000000000068 t math_abs
00000000000361b0 00000000000000e0 t luaopen_math
0000000000036290 0000000000000014 t luaM_toobig
00000000000362a4 00000000000000a0 t luaM_realloc_
0000000000036344 0000000000000084 t luaM_growaux_
00000000000363c8 0000000000000094 t intarith
000000000003645c 0000000000000068 t l_str2dloc
00000000000364c4 0000000000000038 t pushstr
00000000000364fc 0000000000000090 t numarith.isra.0
000000000003658c 000000000000004c t luaO_int2fb
00000000000365d8 0000000000000020 t luaO_fb2int
00000000000365f8 0000000000000030 t luaO_ceillog2
0000000000036628 00000000000001f4 t luaO_arith
000000000003681c 0000000000000028 t luaO_hexavalue
0000000000036844 0000000000000230 t luaO_str2num
0000000000036a74 0000000000000064 t luaO_utf8esc
0000000000036ad8 00000000000000cc t luaO_tostring
0000000000036ba4 0000000000000064 t luaO_pushfstring
0000000000036c08 00000000000003f8 t luaO_pushvfstring
0000000000037000 0000000000000174 t luaO_chunkid
0000000000037174 0000000000000028 t getlocvar
000000000003719c 000000000000002c t testnext
00000000000371c8 00000000000000a0 t newlabelentry
0000000000037268 0000000000000084 t checklimit
00000000000372ec 0000000000000108 t newupvalue
00000000000373f4 0000000000000024 t enterlevel
0000000000037418 0000000000000138 t new_localvar
0000000000037550 0000000000000028 t new_localvarliteral_
0000000000037578 0000000000000038 t error_expected
00000000000375b0 000000000000001c t checknext
00000000000375cc 00000000000000a0 t check_match
000000000003766c 000000000000002c t block_follow.isra.0
0000000000037698 00000000000000a8 t adjust_assign.isra.0
0000000000037740 0000000000000124 t singlevaraux
0000000000037864 000000000000004c t adjustlocalvars.isra.0
00000000000378b0 0000000000000038 t str_checkname
00000000000378e8 0000000000000044 t checkname
000000000003792c 0000000000000060 t fieldsel
000000000003798c 0000000000000094 t singlevar
0000000000037a20 00000000000000cc t closegoto.isra.0
0000000000037aec 00000000000000d4 t findlabel
0000000000037bc0 0000000000000080 t gotostat
0000000000037c40 0000000000000084 t findgotos
0000000000037cc4 00000000000001e8 t leaveblock
0000000000037eac 000000000000015c t close_func
0000000000038008 000000000000089c t statement
00000000000388a4 0000000000000050 t statlist
00000000000388f4 0000000000000294 t body
0000000000038b88 00000000000003fc t subexpr
0000000000038f84 0000000000000008 t expr
0000000000038f8c 0000000000000044 t yindex
0000000000038fd0 00000000000000dc t recfield
00000000000390ac 0000000000000064 t explist
0000000000039110 0000000000000040 t cond
0000000000039150 0000000000000028 t exp1.isra.0
0000000000039178 0000000000000250 t constructor
00000000000393c8 0000000000000154 t funcargs
000000000003951c 0000000000000158 t suffixedexp
0000000000039674 00000000000001e4 t assignment
0000000000039858 0000000000000054 t block
00000000000398ac 0000000000000150 t forbody
00000000000399fc 000000000000003c t skipnoopstat
0000000000039a38 000000000000014c t test_then_block
0000000000039b84 00000000000001ac t luaY_parser
0000000000039d30 0000000000000080 t stack_init
0000000000039db0 00000000000000d4 t f_luaopen
0000000000039e84 0000000000000024 t luaE_setdebt
0000000000039ea8 0000000000000044 t luaE_extendCI
0000000000039eec 0000000000000054 t luaE_freeCI
0000000000039f40 000000000000003c t freestack.part.0
0000000000039f7c 0000000000000070 t close_state
0000000000039fec 0000000000000178 t lua_newstate
000000000003a164 0000000000000064 t luaE_shrinkCI
000000000003a1c8 00000000000000f0 t lua_newthread
000000000003a2b8 0000000000000050 t luaE_freethread
000000000003a308 000000000000000c t lua_close
000000000003a314 000000000000004c t luaS_eqlngstr
000000000003a360 000000000000003c t luaS_hash
000000000003a39c 0000000000000044 t luaS_hashlongstr
000000000003a3e0 00000000000000dc t luaS_resize
000000000003a4bc 0000000000000148 t internshrstr
000000000003a604 0000000000000048 t luaS_clearcache
000000000003a64c 0000000000000064 t luaS_init
000000000003a6b0 0000000000000044 t luaS_createlngstrobj
000000000003a6f4 0000000000000048 t luaS_remove
000000000003a73c 0000000000000060 t luaS_newlstr
000000000003a79c 00000000000000ac t luaS_new
000000000003a848 0000000000000058 t luaS_newudata
000000000003a8a0 0000000000000114 t match_class
000000000003a9b4 000000000000011c t matchbracketclass
000000000003aad0 0000000000000038 t str_len
000000000003ab08 0000000000000110 t unpackint
000000000003ac18 00000000000000d4 t classend
000000000003acec 00000000000000c0 t packint
000000000003adac 000000000000001c t writer
000000000003adc8 00000000000000a4 t str_upper
000000000003ae6c 0000000000000088 t str_reverse
000000000003aef4 00000000000000a4 t str_lower
000000000003af98 0000000000000148 t str_rep
000000000003b0e0 00000000000000a4 t gmatch
000000000003b184 00000000000000b8 t str_char
000000000003b23c 0000000000000068 t addlenmod
000000000003b2a4 00000000000006ac t str_format
000000000003b950 000000000000009c t str_dump
000000000003b9ec 0000000000000018 t posrelat
000000000003ba04 00000000000000f8 t str_byte
000000000003bafc 00000000000000ac t str_sub
000000000003bba8 0000000000000060 t getnum
000000000003bc08 0000000000000050 t getnumlimit
000000000003bc58 00000000000001a8 t getoption
000000000003be00 00000000000000fc t getdetails
000000000003befc 00000000000000e4 t str_packsize
000000000003bfe0 0000000000000058 t copywithendian
000000000003c038 000000000000026c t str_unpack
000000000003c2a4 0000000000000424 t str_pack
000000000003c6c8 00000000000000a8 t push_onecapture
000000000003c770 0000000000000084 t push_captures
000000000003c7f4 000000000000005c t singlematch.isra.0
000000000003c850 000000000000041c t match
000000000003cc6c 000000000000007c t start_capture
000000000003cce8 0000000000000268 t str_find_aux
000000000003cf50 0000000000000008 t str_match
000000000003cf58 0000000000000008 t str_find
000000000003cf60 0000000000000418 t str_gsub
000000000003d378 00000000000000a0 t gmatch_aux
000000000003d418 00000000000000c8 t luaopen_string
000000000003d4e0 00000000000001a0 t mainposition
000000000003d680 000000000000005c t getgeneric
000000000003d6dc 000000000000005c t countint
000000000003d738 000000000000016c t luaH_next
000000000003d8a4 0000000000000038 t luaH_new
000000000003d8dc 0000000000000074 t luaH_free
000000000003d950 0000000000000070 t luaH_getint
000000000003d9c0 0000000000000058 t luaH_getshortstr
000000000003da18 0000000000000038 t luaH_getstr
000000000003da50 00000000000000a0 t luaH_get
000000000003daf0 0000000000000064 t luaH_setint
000000000003db54 0000000000000200 t luaH_resize
000000000003dd54 000000000000002c t luaH_resizearray
000000000003dd80 0000000000000328 t luaH_newkey
000000000003e0a8 0000000000000064 t luaH_set
000000000003e10c 0000000000000114 t luaH_getn
000000000003e220 0000000000000038 t set2
000000000003e258 00000000000000dc t unpack
000000000003e334 0000000000000094 t pack
000000000003e3c8 0000000000000078 t addfield
000000000003e440 00000000000000b4 t sort_comp
000000000003e4f4 000000000000031c t auxsort
000000000003e810 00000000000000fc t checktab
000000000003e90c 00000000000000a8 t sort
000000000003e9b4 0000000000000194 t tmove
000000000003eb48 00000000000000f8 t tremove
000000000003ec40 00000000000000ec t tinsert
000000000003ed2c 0000000000000114 t tconcat
000000000003ee40 0000000000000058 t luaopen_table
000000000003ee98 0000000000000068 t luaT_init
000000000003ef00 0000000000000048 t luaT_gettm
000000000003ef48 0000000000000064 t luaT_gettmbyobj
000000000003efac 0000000000000094 t luaT_objtypename
000000000003f040 00000000000000b4 t luaT_callTM
000000000003f0f4 0000000000000080 t luaT_callbinTM
000000000003f174 00000000000000ec t luaT_trybinTM
000000000003f260 000000000000005c t luaT_callorderTM
000000000003f2bc 0000000000000034 t error
000000000003f2f0 0000000000000038 t LoadBlock
000000000003f328 0000000000000020 t LoadByte
000000000003f348 0000000000000020 t LoadInt
000000000003f368 0000000000000064 t checkliteral
000000000003f3cc 00000000000000a8 t LoadString
000000000003f474 0000000000000054 t fchecksize
000000000003f4c8 00000000000003dc t LoadFunction
000000000003f8a4 00000000000001dc t luaU_undump
000000000003fa80 0000000000000090 t utf8_decode
000000000003fb10 0000000000000058 t iter_codes
000000000003fb68 00000000000000d0 t iter_aux
000000000003fc38 0000000000000058 t pushutfchar
000000000003fc90 0000000000000098 t utfchar
000000000003fd28 0000000000000018 t u_posrelat
000000000003fd40 000000000000010c t utflen
000000000003fe4c 000000000000015c t byteoffset
000000000003ffa8 0000000000000148 t codepoint
00000000000400f0 0000000000000080 t luaopen_utf8
0000000000040170 0000000000000100 t luaV_tointeger.constprop.0
0000000000040270 00000000000000bc t luaV_tonumber_
0000000000040330 000000000000011c t luaV_tointeger
0000000000040450 0000000000000140 t luaV_finishget
0000000000040590 000000000000020c t luaV_finishset
00000000000407a0 0000000000000258 t luaV_lessthan
0000000000040a00 0000000000000288 t luaV_lessequal
0000000000040c90 00000000000002b0 t luaV_equalobj
0000000000040f40 00000000000003ac t luaV_concat
00000000000412f0 0000000000000124 t luaV_objlen
0000000000041420 0000000000000054 t luaV_div
0000000000041480 0000000000000054 t luaV_mod
00000000000414e0 0000000000000028 t luaV_shiftl
0000000000041510 0000000000000198 t luaV_finishOp
00000000000416b0 000000000000230c t luaV_execute
00000000000439bc 0000000000000050 t luaZ_fill
0000000000043a0c 0000000000000010 t luaZ_init
0000000000043a1c 0000000000000090 t luaZ_read
0000000000043ab0 0000000000000168 t _memregionFindRandom
0000000000043c20 00000000000001dc t virtmemSetup
0000000000043e00 0000000000000014 t virtmemFindAslr
0000000000043e20 000000000000004c t virtmemAddReservation
0000000000043e70 000000000000002c t virtmemRemoveReservation
0000000000043e9c T __rtld_runtime_resolve
0000000000043f18 t armDCacheFlush
0000000000043f3c t armDCacheFlush_L0
0000000000043f54 t armICacheInvalidate
0000000000043f74 t armICacheInvalidate_L0
0000000000043f8c t svcUnmapMemory
0000000000043f94 t svcQueryMemory
0000000000043fa8 t svcCreateThread
0000000000043fbc t svcStartThread
0000000000043fc4 t svcExitThread
0000000000043fcc t svcSleepThread
0000000000043fd4 t svcCloseHandle
0000000000043fdc t svcWaitSynchronization
0000000000043ff0 t svcGetSystemTick
0000000000043ff8 t svcSendSyncRequest
0000000000044000 t svcOutputDebugString
0000000000044008 t svcGetInfo
000000000004401c t svcCreateSession
0000000000044034 t svcReplyAndReceive
0000000000044048 t svcMapProcessMemory
0000000000044050 t svcUnmapProcessMemory
0000000000044058 T exl_inline_hook_impl
00000000000440f0 T exl_inline_float_hook_impl
0000000000044220 0000000000000004 t operator delete(void*, unsigned long)
0000000000044240 0000000000000068 t operator new(unsigned long)
00000000000442a8 0000000000000050 t std::__throw_logic_error(char const*)
00000000000442f8 0000000000000050 t std::__throw_length_error(char const*)
0000000000044348 0000000000000050 t std::__throw_out_of_range(char const*)
0000000000044398 000000000000000c t std::__throw_out_of_range_fmt(char const*, ...)
00000000000443a4 0000000000000180 t std::__cxx11::basic_string<char, std::char_traits<char>, std::allocator<char> >::_M_replace_cold(char*, unsigned long, char const*, unsigned long, unsigned long)
0000000000044540 000000000000000c t std::bad_alloc::what() const
0000000000044560 0000000000000014 t std::bad_alloc::~bad_alloc()
0000000000044560 0000000000000014 t std::bad_alloc::~bad_alloc()
0000000000044580 0000000000000020 t std::bad_alloc::~bad_alloc()
00000000000445a0 0000000000000004 t operator delete(void*)
00000000000445c0 000000000000000c t __gnu_cxx::__concurrence_lock_error::what() const
00000000000445e0 000000000000000c t __gnu_cxx::__concurrence_unlock_error::what() const
0000000000044600 0000000000000014 t __gnu_cxx::__concurrence_lock_error::~__concurrence_lock_error()
0000000000044600 0000000000000014 t __gnu_cxx::__concurrence_lock_error::~__concurrence_lock_error()
0000000000044620 0000000000000038 t __gnu_cxx::__concurrence_lock_error::~__concurrence_lock_error()
0000000000044660 0000000000000014 t __gnu_cxx::__concurrence_unlock_error::~__concurrence_unlock_error()
0000000000044660 0000000000000014 t __gnu_cxx::__concurrence_unlock_error::~__concurrence_unlock_error()
0000000000044680 0000000000000038 t __gnu_cxx::__concurrence_unlock_error::~__concurrence_unlock_error()
00000000000446b8 0000000000000034 t __gnu_cxx::__throw_concurrence_lock_error()
00000000000446ec 0000000000000034 t __gnu_cxx::__throw_concurrence_unlock_error()
0000000000044720 0000000000000110 t (anonymous namespace)::pool::free(void*) [clone .constprop.0]
0000000000044840 00000000000000cc t (anonymous namespace)::pool::allocate(unsigned long) [clone .constprop.0]
0000000000044920 0000000000000058 t __cxa_allocate_exception
0000000000044980 0000000000000028 t __cxa_free_exception
00000000000449c0 00000000000001f0 t _GLOBAL__sub_I_eh_alloc.cc
0000000000044bc0 0000000000000014 t _GLOBAL__sub_D_eh_alloc.cc
0000000000044be0 000000000000009c t __cxa_begin_catch
0000000000044c80 0000000000000004 t std::exception::~exception()
0000000000044c80 0000000000000004 t std::exception::~exception()
0000000000044ca0 0000000000000044 t eh_globals_dtor(void*)
0000000000044d00 0000000000000080 t __cxa_get_globals
0000000000044d80 0000000000000038 t _GLOBAL__sub_I_eh_globals.cc
0000000000044dc0 0000000000000034 t _GLOBAL__sub_D_eh_globals.cc
0000000000044e00 000000000000007c t get_adjusted_ptr(std::type_info const*, std::type_info const*, void**)
0000000000044e80 0000000000000138 t read_encoded_value_with_base(unsigned char, unsigned long, unsigned char const*, unsigned long*)
0000000000044fc0 0000000000000064 t base_of_encoded_value(unsigned char, _Unwind_Context*)
0000000000045040 0000000000000108 t check_exception_spec(lsda_header_info*, std::type_info const*, void*, long)
0000000000045160 00000000000000f8 t parse_lsda_header(_Unwind_Context*, unsigned char const*, lsda_header_info*)
0000000000045260 0000000000000630 t __gxx_personality_v0
00000000000458a0 0000000000000018 t __cxxabiv1::__terminate(void (*)())
00000000000458c0 0000000000000010 t std::get_terminate()
00000000000458d0 0000000000000010 t std::terminate()
00000000000458e0 0000000000000010 t __cxxabiv1::__unexpected(void (*)())
0000000000045900 0000000000000010 t std::get_unexpected()
0000000000045910 0000000000000010 t std::unexpected()
0000000000045920 0000000000000058 t __gxx_exception_cleanup(_Unwind_Reason_Code, _Unwind_Exception*)
0000000000045980 0000000000000054 t __cxa_init_primary_exception
00000000000459e0 000000000000005c t __cxa_throw
0000000000045a40 0000000000000010 t std::get_new_handler()
0000000000045a60 0000000000000014 t __cxxabiv1::__si_class_type_info::~__si_class_type_info()
0000000000045a60 0000000000000014 t __cxxabiv1::__si_class_type_info::~__si_class_type_info()
0000000000045a80 0000000000000020 t __cxxabiv1::__si_class_type_info::~__si_class_type_info()
0000000000045aa0 0000000000000194 t __cxxabiv1::__si_class_type_info::__do_dyncast(long, __cxxabiv1::__class_type_info::__sub_kind, __cxxabiv1::__class_type_info const*, void const*, __cxxabiv1::__class_type_info const*, void const*, __cxxabiv1::__class_type_info::__dyncast_result&) const
0000000000045c40 00000000000000a8 t __cxxabiv1::__si_class_type_info::__do_find_public_src(long, void const*, __cxxabiv1::__class_type_info const*, void const*) const
0000000000045d00 0000000000000064 t __cxxabiv1::__si_class_type_info::__do_upcast(__cxxabiv1::__class_type_info const*, void const*, __cxxabiv1::__class_type_info::__upcast_result&) const
0000000000045d80 0000000000000004 t std::type_info::~type_info()
0000000000045d80 0000000000000004 t std::type_info::~type_info()
0000000000045da0 0000000000000008 t std::type_info::__is_pointer_p() const
0000000000045da0 0000000000000008 t std::type_info::__is_function_p() const
0000000000045dc0 0000000000000008 t std::logic_error::what() const
0000000000045dc0 0000000000000008 t std::runtime_error::what() const
0000000000045de0 0000000000000074 t std::logic_error::~logic_error()
0000000000045de0 0000000000000074 t std::logic_error::~logic_error()
0000000000045e60 000000000000001c t std::logic_error::~logic_error()
0000000000045e80 0000000000000014 t std::length_error::~length_error()
0000000000045e80 0000000000000014 t std::length_error::~length_error()
0000000000045ea0 000000000000001c t std::length_error::~length_error()
0000000000045ec0 0000000000000014 t std::out_of_range::~out_of_range()
0000000000045ec0 0000000000000014 t std::out_of_range::~out_of_range()
0000000000045ee0 000000000000001c t std::out_of_range::~out_of_range()
0000000000045f00 00000000000000f8 t std::logic_error::logic_error(char const*)
0000000000045f00 00000000000000f8 t std::logic_error::logic_error(char const*)
0000000000046000 0000000000000030 t std::length_error::length_error(char const*)
0000000000046000 0000000000000030 t std::length_error::length_error(char const*)
0000000000046040 0000000000000030 t std::out_of_range::out_of_range(char const*)
0000000000046040 0000000000000030 t std::out_of_range::out_of_range(char const*)
0000000000046080 0000000000000080 t std::string::_Rep::_S_create(unsigned long, unsigned long, std::allocator<char> const&)
0000000000046100 0000000000000004 t std::string::_Rep::_M_destroy(std::allocator<char> const&)
0000000000046120 0000000000000068 t __cxxabiv1::__class_type_info::__do_upcast(__cxxabiv1::__class_type_info const*, void**) const
00000000000461a0 0000000000000010 t __cxxabiv1::__class_type_info::__do_find_public_src(long, void const*, __cxxabiv1::__class_type_info const*, void const*) const
00000000000461c0 0000000000000014 t __cxxabiv1::__class_type_info::~__class_type_info()
00000000000461c0 0000000000000014 t __cxxabiv1::__class_type_info::~__class_type_info()
00000000000461e0 0000000000000020 t __cxxabiv1::__class_type_info::~__class_type_info()
0000000000046200 0000000000000090 t __cxxabiv1::__class_type_info::__do_upcast(__cxxabiv1::__class_type_info const*, void const*, __cxxabiv1::__class_type_info::__upcast_result&) const
00000000000462a0 00000000000000a8 t __cxxabiv1::__class_type_info::__do_catch(std::type_info const*, void**, unsigned int) const
0000000000046360 00000000000000ec t __cxxabiv1::__class_type_info::__do_dyncast(long, __cxxabiv1::__class_type_info::__sub_kind, __cxxabiv1::__class_type_info const*, void const*, __cxxabiv1::__class_type_info const*, void const*, __cxxabiv1::__class_type_info::__dyncast_result&) const
000000000004644c 0000000000000044 t __cxa_call_terminate
00000000000464a0 000000000000018c t sinf
0000000000046640 00000000000001b0 t log
0000000000046800 0000000000000098 t sin
00000000000468a0 0000000000000004 t atan2
00000000000468c0 0000000000000034 t with_errno
0000000000046900 0000000000000018 t xflow
0000000000046920 000000000000000c t __math_uflow
0000000000046940 000000000000000c t __math_oflow
0000000000046960 0000000000000020 t __math_divzero
0000000000046980 0000000000000020 t __math_invalid
00000000000469a0 0000000000000014 t __math_check_uflow
00000000000469c0 0000000000000020 t __math_check_oflow
00000000000469e0 00000000000002ec t __ieee754_rem_pio2
0000000000046ce0 0000000000000498 t pow
0000000000047180 0000000000000054 t fmod
00000000000471e0 00000000000008b8 t __kernel_rem_pio2
0000000000047aa0 0000000000000064 t acos
0000000000047b20 000000000000010c t scalbn
0000000000047c40 0000000000000050 t sqrtf
0000000000047ca0 0000000000000050 t sqrt
0000000000047d00 0000000000000078 t log10
0000000000047d80 000000000000009c t __kernel_sin
0000000000047e20 0000000000000004 t atan2f
0000000000047e40 0000000000000090 t cos
0000000000047ee0 0000000000000034 t with_errnof
0000000000047f20 0000000000000020 t __math_invalidf
0000000000047f40 000000000000007c t frexp
0000000000047fc0 0000000000000008 t __ieee754_sqrtf
0000000000047fe0 00000000000000fc t __ieee754_log10
00000000000480e0 00000000000001b4 t cosf
00000000000482a0 0000000000000008 t __ieee754_sqrt
00000000000482c0 0000000000000238 t __ieee754_atan2
0000000000048500 0000000000000064 t tan
0000000000048580 0000000000000008 t floor
00000000000485a0 0000000000000064 t asin
0000000000048620 0000000000000170 t exp
00000000000487a0 0000000000000484 t __ieee754_fmod
0000000000048c40 0000000000000210 t atan
0000000000048e60 00000000000001c8 t __ieee754_atan2f
0000000000049040 000000000000022c t atanf
0000000000049280 0000000000000130 t __kernel_cos
00000000000493c0 0000000000000284 t __ieee754_asin
0000000000049660 0000000000000008 t fabs
0000000000049680 00000000000002b4 t __ieee754_acos
0000000000049940 0000000000000008 t fabsf
0000000000049960 000000000000000c t nan
0000000000049980 0000000000000208 t __kernel_tan
0000000000049ba0 0000000000000298 t init_dwarf_reg_size_table
0000000000049e40 000000000000018c t uw_install_context_1
0000000000049fe0 000000000000018c t read_encoded_value
000000000004a180 00000000000007f8 t execute_stack_op
000000000004a980 0000000000000334 t uw_update_context_1
000000000004acc0 00000000000000f8 t uw_update_context
000000000004adc0 0000000000000868 t execute_cfa_program_specialized
000000000004b640 0000000000000898 t execute_cfa_program_generic
000000000004bee0 000000000000043c t uw_frame_state_for
000000000004c320 000000000000036c t uw_init_context_1
000000000004c6a0 0000000000000140 t _Unwind_RaiseException_Phase2
000000000004c7e0 0000000000000154 t _Unwind_ForcedUnwind_Phase2
000000000004c940 0000000000000050 t _Unwind_SetGR
000000000004c9a0 0000000000000014 t _Unwind_GetIPInfo
000000000004c9c0 0000000000000008 t _Unwind_SetIP
000000000004c9e0 0000000000000008 t _Unwind_GetLanguageSpecificData
000000000004ca00 0000000000000008 t _Unwind_GetRegionStart
000000000004ca20 0000000000000008 t _Unwind_GetDataRelBase
000000000004ca40 0000000000000008 t _Unwind_GetTextRelBase
000000000004ca60 0000000000000004 t _Unwind_DebugHook
000000000004ca80 00000000000001a4 t _Unwind_RaiseException
000000000004cc40 000000000000012c t _Unwind_Resume
000000000004cd80 000000000000001c t _Unwind_DeleteException
000000000004cda0 0000000000000018 t fde_unencoded_compare
000000000004cdc0 000000000000002c t fde_unencoded_extract
000000000004ce00 00000000000000ec t frame_downheap
000000000004cf00 0000000000000138 t read_encoded_value_with_base
000000000004d040 0000000000000220 t fde_radixsort
000000000004d260 0000000000000124 t get_cie_encoding
000000000004d3a0 00000000000000d8 t fde_mixed_encoding_extract
000000000004d480 00000000000001e0 t classify_object_over_fdes.constprop.0
000000000004d660 00000000000000bc t fde_single_encoding_extract
000000000004d720 00000000000000a8 t fde_single_encoding_compare
000000000004d7e0 000000000000010c t fde_mixed_encoding_compare
000000000004d900 0000000000000234 t add_fdes.isra.0
000000000004db40 00000000000002e8 t linear_search_fdes
000000000004de40 0000000000000558 t search_object
000000000004e3a0 00000000000001d0 t _Unwind_Find_FDE
000000000004e570 0000000000000030 t __arm_za_disable
000000000004e570 0000000000000030 t __libgcc_arm_za_disable
000000000004e5a0 00000000000000a0 t __arm_tpidr2_save
000000000004e5a0 00000000000000a0 t __libgcc_arm_tpidr2_save
000000000004e640 0000000000000028 t srand
000000000004e680 0000000000000038 t rand
000000000004e6c0 0000000000000024 t getenv
000000000004e700 00000000000000cc t strchr
000000000004e7e0 0000000000000330 t _fread_r
000000000004eb20 0000000000000034 t fread
000000000004eb80 000000000000022c t memcpy
000000000004eb80 t memmove
000000000004edc0 0000000000000120 t _fopen_r
000000000004eee0 000000000000002c t fopen
000000000004ef20 0000000000000058 t sulp
000000000004ef80 00000000000012f8 t _strtod_l
0000000000050280 000000000000004c t strtod
00000000000502e0 0000000000000034 t clock
0000000000050320 00000000000002a0 t _freopen_r
00000000000505c0 000000000000002c t freopen
0000000000050600 0000000000000104 t memset
0000000000050720 0000000000000110 t rshift
0000000000050840 0000000000000860 t __gethex
00000000000510a0 00000000000000f8 t snprintf
00000000000511a0 00000000000001a4 t _strtoul_l.isra.0
0000000000051360 0000000000000034 t _strtoul_r
00000000000513a0 0000000000000040 t strtoul
0000000000051400 000000000000012c t strcpy
0000000000051540 0000000000000058 t strpbrk
00000000000515a0 0000000000000368 t validate_structure
0000000000051920 00000000000004e4 t mktime
0000000000051e20 0000000000000418 t _strerror_r
0000000000052240 0000000000000024 t strerror
0000000000052280 0000000000000014 t __errno
00000000000522a0 0000000000000018 t abort
00000000000522c0 00000000000000b0 t __swhatbuf_r
0000000000052380 00000000000000e8 t __smakebuf_r
0000000000052480 000000000000000c t difftime
00000000000524c0 0000000000000130 t strlen
0000000000052600 000000000000002c t __locale_mb_cur_max
0000000000052640 00000000000001ec t __sflush_r
0000000000052840 00000000000000bc t _fflush_r
0000000000052900 000000000000003c t fflush
0000000000052940 00000000000000a4 t _vsnprintf_r
0000000000052a00 0000000000000048 t vsnprintf
0000000000052a60 00000000000000f4 t _fwrite_r
0000000000052b60 0000000000000034 t fwrite
0000000000052ba0 000000000000002c t realloc
0000000000052be0 0000000000000350 t localtime_r
0000000000052f40 00000000000001b4 t strncmp
0000000000053100 000000000000025c t __tzcalc_limits
0000000000053380 00000000000001c8 t memcmp
0000000000053560 000000000000011c t _malloc_trim_r
0000000000053680 00000000000002d8 t _free_r
0000000000053960 0000000000000048 t strspn
00000000000539c0 000000000000001c t stdio_exit_handler
00000000000539e0 000000000000006c t cleanup_stdio
0000000000053a60 0000000000000128 t global_stdio_init.part.0
0000000000053ba0 000000000000000c t __sfp_lock_acquire
0000000000053bc0 000000000000000c t __sfp_lock_release
0000000000053be0 0000000000000130 t __sfp
0000000000053d20 0000000000000054 t __sinit
0000000000053d80 00000000000002c0 t _strtol_l.part.0
0000000000054040 0000000000000070 t _strtol_r
00000000000540c0 00000000000000ac t strncpy
0000000000054180 0000000000000004 t _fseek_r
00000000000541a0 0000000000000014 t _tzset_unlocked
00000000000541c0 0000000000000038 t malloc
0000000000054200 000000000000001c t free
0000000000054220 000000000000000c t __gettzinfo
0000000000054240 00000000000000f4 t _findenv_r
0000000000054340 0000000000000018 t _getenv_r
0000000000054360 0000000000000008 t __localeconv_l
0000000000054380 0000000000000028 t _localeconv_r
00000000000543c0 0000000000000028 t localeconv
0000000000054400 000000000000004c t __sread
0000000000054460 0000000000000008 t __seofread
0000000000054480 0000000000000070 t __swrite
0000000000054500 0000000000000050 t __sseek
0000000000054560 0000000000000008 t __sclose
0000000000054580 0000000000000568 t _realloc_r
0000000000054b00 000000000000000c t __malloc_lock
0000000000054b20 000000000000000c t __malloc_unlock
0000000000054b40 00000000000004c0 t _fseeko_r
0000000000055000 0000000000000130 t _fclose_r
0000000000055140 000000000000001c t fclose
0000000000055160 0000000000000048 t time
00000000000551c0 0000000000000080 t fprintf
0000000000055240 0000000000000008 t _user_strerror
0000000000055248 0000000000000790 t get_arg
00000000000559d8 0000000000003a84 t _svfprintf_r
0000000000059460 00000000000000b8 t __sflags
0000000000059540 0000000000000134 t strcmp
0000000000059680 00000000000000e0 t __utf8_wctomb
0000000000059760 00000000000002a0 t gmtime_r
0000000000059a00 0000000000000004 t strcoll
0000000000059a20 00000000000006cc t _tzset_unlocked_r
000000000005a100 000000000000003c t setjmp
000000000005a140 0000000000000040 t longjmp
000000000005a180 00000000000000cc t getc
000000000005a280 00000000000000dc t memchr
000000000005a360 0000000000000048 t __match
000000000005a3c0 000000000000025c t __hexnan
000000000005a620 00000000000000e4 t iso_year_adjust.isra.0
000000000005a720 0000000000000fc8 t __strftime.isra.0
000000000005b700 0000000000000034 t strftime
000000000005b740 0000000000000038 t lflush
000000000005b780 0000000000000190 t __srefill_r
000000000005b920 000000000000000c t __env_lock
000000000005b940 000000000000000c t __env_unlock
000000000005b960 0000000000000064 t __assert_func
000000000005b9e0 00000000000000a4 t _Balloc
000000000005baa0 0000000000000020 t _Bfree
000000000005bac0 0000000000000118 t __multadd
000000000005bbe0 0000000000000144 t __s2b
000000000005bd40 0000000000000094 t __hi0bits
000000000005bde0 0000000000000100 t __lo0bits
000000000005bee0 000000000000004c t __i2b
000000000005bf40 0000000000000210 t __multiply
000000000005c160 0000000000000104 t __pow5mult
000000000005c280 0000000000000174 t __lshift
000000000005c400 0000000000000050 t __mcmp
000000000005c460 00000000000001c4 t __mdiff
000000000005c640 0000000000000084 t __ulp
000000000005c6e0 0000000000000168 t __b2d
000000000005c860 000000000000014c t __d2b
000000000005c9c0 00000000000000b0 t __ratio
000000000005ca80 0000000000000074 t __copybits
000000000005cb00 0000000000000068 t __any_on
000000000005cb80 000000000000000c t abs
000000000005cba0 0000000000000098 t _fwalk_sglue
000000000005cc40 0000000000000070 t __srget_r
000000000005ccb0 0000000000000790 t get_arg
000000000005d440 0000000000003bd4 t _vfprintf_r
0000000000061014 00000000000000cc t __sbprintf
00000000000610e0 000000000000001c t div
0000000000061100 00000000000000d0 t _wcrtomb_r
00000000000611d0 0000000000000790 t get_arg
0000000000061960 000000000000288c t _svfiprintf_r
0000000000064200 00000000000000c8 t __ssprint_r
00000000000642e0 00000000000002dc t __utf8_mbtowc
00000000000645c0 0000000000000080 t fiprintf
0000000000064640 00000000000004a4 t __sfvwrite_r
0000000000064b00 000000000000000c t __tz_lock
0000000000064b20 000000000000000c t __tz_unlock
0000000000064b40 000000000000009c t _raise_r
0000000000064be0 000000000000001c t raise
0000000000064c00 000000000000018c t _memalign_r
0000000000064da0 000000000000000c t labs
0000000000064dc0 00000000000000bc t _calloc_r
0000000000064e80 0000000000000038 t __sprint_r
0000000000064ec0 0000000000000840 t _malloc_r
0000000000065700 00000000000001a4 t quorem
00000000000658c0 00000000000012f0 t _dtoa_r
0000000000066bc0 0000000000000010 t _wcsrtombs_r
0000000000066be0 00000000000000b0 t siscanf
0000000000066ca0 000000000000012c t __swsetup_r
0000000000066de0 0000000000000188 t __ssputs_r
0000000000066f68 0000000000000790 t get_arg
00000000000676f8 0000000000002964 t _vfiprintf_r
000000000006a05c 00000000000000cc t __sbprintf
000000000006a140 0000000000000188 t _wcsnrtombs_l
000000000006a2e0 0000000000000054 t _wcsnrtombs_r
000000000006a340 00000000000000f8 t sniprintf
000000000006a438 0000000000000074 t get_arg
000000000006a4ac 00000000000000f0 t _sungetc_r
000000000006a59c 0000000000000070 t __ssrefill_r
000000000006a60c 00000000000000dc t _sfread_r
000000000006a6e8 0000000000002700 t __ssvfiscanf_r
000000000006ce00 0000000000000008 t iswspace
000000000006ce20 00000000000001a4 t _strtoull_l.isra.0
000000000006cfe0 0000000000000034 t _strtoull_r
000000000006d020 00000000000000b8 t __submore
000000000006d0e0 00000000000000d8 t _mbrtowc_r
000000000006d1c0 00000000000000d0 t __sccl
000000000006d2a0 00000000000002c0 t _strtoll_l.isra.0
000000000006d560 0000000000000034 t _strtoll_r
000000000006d5a0 0000000000000048 t iswspace_l
000000000006d600 0000000000000084 t category
000000000006d6a0 0000000000000020 t _exit
000000000006d6c0 000000000000009c t _fstat_r
000000000006d760 0000000000000010 t _getpid_r
000000000006d780 0000000000000020 t __getreent
000000000006d7a0 0000000000000024 t _gettimeofday_r
000000000006d7e0 00000000000000a0 t __release_handle
000000000006d880 0000000000000130 t __alloc_handle
000000000006d9c0 0000000000000060 t __get_handle
000000000006da20 00000000000000f4 t _close_r
000000000006db20 0000000000000008 t null_write
000000000006db40 00000000000000b8 t FindDevice
000000000006dc00 0000000000000008 t _isatty_r
000000000006dc20 0000000000000010 t _kill_r
000000000006dc40 00000000000000a0 t _lseek_r
000000000006dce0 000000000000006c t pthread_mutex_lock
000000000006dd60 000000000000006c t pthread_mutex_unlock
000000000006dde0 00000000000000d4 t pthread_once
000000000006dec0 0000000000000024 t pthread_key_create
000000000006df00 0000000000000018 t pthread_setspecific
000000000006df20 0000000000000018 t pthread_getspecific
000000000006df40 0000000000000018 t pthread_key_delete
000000000006df60 00000000000000f0 t _open_r
000000000006e060 00000000000000b0 t _read_r
000000000006e120 0000000000000078 t _sbrk_r
000000000006e1a0 0000000000000014 t __libc_lock_acquire
000000000006e1c0 0000000000000014 t __libc_lock_release
000000000006e1e0 0000000000000014 t __libc_lock_acquire_recursive
000000000006e200 0000000000000014 t __libc_lock_release_recursive
000000000006e220 0000000000000018 t __libc_cond_broadcast
000000000006e240 0000000000000018 t __libc_cond_wait
000000000006e260 0000000000000010 t _times_r
000000000006e280 00000000000000b0 t _write_r
000000000006e340 0000000000000380 t __trunctfdf2
000000000006e6c0 0000000000000070 t __sfp_handle_exceptions
000000000006e730 t __text_end__
000000000006e860 T __code_end__
000000000006f010 0000000000000040 r (anonymous namespace)::kProductionLayoutPadding
000000000006f050 0000000000000010 r kGameFileDestructorExpectedBytes
000000000006f060 0000000000000010 r kGameFileCloseExpectedBytes
000000000006f070 0000000000000010 r kGameFileReadExpectedBytes
000000000006f080 0000000000000010 r kGameFileGetLengthExpectedBytes
000000000006f090 0000000000000010 r kGameFileOpenReadExpectedBytes
000000000006f0a0 0000000000000020 r kTargetBuildId
000000000006f2b0 0000000000000030 r kRebuildMountPointsRelayExpectedBytes
000000000006f2e0 0000000000000004 r kRebuildMountPointsRelayExpectedEntry
000000000006f2e4 0000000000000010 r kRebuildMountPointsRelayExpectedOriginal
000000000006f2f4 0000000000000010 r kManagerPresentTargetExpectedBytes
000000000006f304 0000000000000010 r kManagerPresentStubExpectedBytes
000000000006f314 0000000000000038 r kManagerPresentRelayExpectedBytes
000000000006f34c 0000000000000004 r kManagerPresentCallExpectedEntry
000000000006f350 0000000000000020 r kManagerRenderRelayExpectedBytes
000000000006f370 0000000000000004 r kManagerRenderRelayExpectedEntry
000000000006f374 0000000000000010 r kManagerPresentCallExpectedBytes
000000000006f384 0000000000000020 r kManagerRelayExpectedBytes
000000000006f3a4 0000000000000004 r kManagerRelayExpectedEntry
000000000006f3a8 0000000000000050 r kGameStartNewRelayExpectedBytes
000000000006f3f8 0000000000000050 r kGameStartSavedRelayExpectedBytes
000000000006f448 0000000000000004 r kGameStartNewRelayExpectedEntry
000000000006f44c 0000000000000004 r kGameStartSavedRelayExpectedEntry
000000000006f450 0000000000000060 r kPreGetCollectibleRelayExpectedBytes
000000000006f4b0 0000000000000004 r kPreGetCollectibleRelayExpectedEntry
000000000006f4b4 0000000000000010 r kPreGetCollectibleRelayExpectedOriginal
000000000006f4c4 0000000000000010 r kRngNextExpectedBytes
000000000006f4d4 0000000000000010 r kRngSetSeedExpectedBytes
000000000006f4e4 0000000000000010 r kMusicResumeExpectedBytes
000000000006f4f4 0000000000000010 r kMusicPauseExpectedBytes
000000000006f504 0000000000000010 r kMusicGetCurrentMusicIdExpectedBytes
000000000006f514 0000000000000010 r kLevelIsAscentExpectedBytes
000000000006f524 0000000000000010 r kGameIsGreedModeExpectedBytes
000000000006f534 0000000000000010 r kGameOperatorDeleteExpectedBytes
000000000006f544 0000000000000010 r kLibcxxStringAssignExpectedBytes
000000000006f554 0000000000000010 r kSpriteReplaceSpritesheetExpectedBytes
000000000006f564 0000000000000010 r kSpriteLoadGraphicsExpectedBytes
000000000006f574 0000000000000010 r kSpriteLoadExpectedBytes
000000000006f584 0000000000000010 r kSpritePlayRandomExpectedBytes
000000000006f594 0000000000000010 r kSpriteRenderLayerExpectedBytes
000000000006f5a4 0000000000000010 r kSpriteRenderExpectedBytes
000000000006f5b4 0000000000000010 r kSpriteIsFinishedExpectedBytes
000000000006f5c4 0000000000000010 r kSpriteIsPlayingExpectedBytes
000000000006f5d4 0000000000000010 r kSpriteUpdateExpectedBytes
000000000006f5e4 0000000000000010 r kSpriteGetTexelExpectedBytes
000000000006f5f4 0000000000000010 r kSpriteGetLayerFrameExpectedBytes
000000000006f604 0000000000000010 r kSpriteSetLayerFrameExpectedBytes
000000000006f614 0000000000000010 r kSpriteGetFrameExpectedBytes
000000000006f624 0000000000000010 r kSpriteSetFrameExpectedBytes
000000000006f634 0000000000000010 r kSpriteSetFrameNamedExpectedBytes
000000000006f644 0000000000000010 r kSpriteSetAnimationExpectedBytes
000000000006f654 0000000000000010 r kSpritePlayExpectedBytes
000000000006f664 0000000000000010 r kSpriteDestructorExpectedBytes
000000000006f674 0000000000000010 r kSpriteCtorExpectedBytes
000000000006f684 0000000000000010 r kFontDrawStringScaledUTF8ExpectedBytes
000000000006f694 0000000000000010 r kFontDrawStringUTF8ExpectedBytes
000000000006f6a4 0000000000000010 r kFontDrawStringScaledExpectedBytes
000000000006f6b4 0000000000000010 r kFontDrawStringExpectedBytes
000000000006f6c4 0000000000000010 r kFontSetMissingCharacterExpectedBytes
000000000006f6d4 0000000000000010 r kFontGetCharacterWidthExpectedBytes
000000000006f6e4 0000000000000010 r kFontGetBaselineHeightExpectedBytes
000000000006f6f4 0000000000000010 r kFontGetLineHeightExpectedBytes
000000000006f704 0000000000000010 r kFontGetStringWidthUTF8ExpectedBytes
000000000006f714 0000000000000010 r kFontGetStringWidthExpectedBytes
000000000006f724 0000000000000010 r kFontIsLoadedExpectedBytes
000000000006f734 0000000000000010 r kFontUnloadExpectedBytes
000000000006f744 0000000000000010 r kFontLoadExpectedBytes
000000000006f754 0000000000000010 r kFontDestructorExpectedBytes
000000000006f764 0000000000000010 r kFontCtorExpectedBytes
000000000006f774 0000000000000010 r kManagerGetActionValueExpectedBytes
000000000006f784 0000000000000010 r kManagerIsActionTriggeredExpectedBytes
000000000006f794 0000000000000010 r kManagerIsActionPressedExpectedBytes
000000000006f7a4 0000000000000010 r kGameIsPausedThunkExpectedBytes
000000000007d5cf 0000000000000016 r LuaRuntime::(anonymous namespace)::kStage13ModRootPrefix
000000000007d5e5 000000000000000a r LuaRuntime::(anonymous namespace)::kModMethodsField
000000000007d5ef 0000000000000092 r kEmbeddedLuaTestScript
000000000007d681 0000000000000011 r LuaRuntime::kModMetatable
000000000007d692 0000000000000014 r LuaRuntime::kSpriteMetatable
000000000007d6a6 0000000000000014 r LuaRuntime::kVectorMetatable
000000000007d6ba 0000000000000014 r LuaRuntime::kColorMetatable
000000000007d6ce 0000000000000012 r LuaRuntime::kFontMetatable
000000000007d6e0 0000000000000011 r LuaRuntime::kRngMetatable
000000000007d6f1 0000000000000013 r LuaRuntime::kMusicMetatable
000000000007d704 0000000000000013 r LuaRuntime::kSeedsMetatable
000000000007d717 0000000000000012 r LuaRuntime::kRoomMetatable
000000000007d729 0000000000000016 r LuaRuntime::kItemPoolMetatable
000000000007d73f 0000000000000013 r LuaRuntime::kLevelMetatable
000000000007d752 0000000000000012 r LuaRuntime::kGameMetatable
000000000007d764 0000000000000004 r kEntryRelayEntryStubWord1
000000000007d768 0000000000000004 r kEntryRelayEntryStubWord0
0000000000081208 0000000000000014 r CSWTCH.2
0000000000081220 000000000000001e r isaac::runtime::kRomfsModManifestPath
0000000000081240 0000000000000006 r isaac::runtime::kHookBackends
0000000000081248 0000000000000010 r kContentAddMountPointExpectedBytes
0000000000081258 0000000000000010 r kContentMountPointPathDtorExpectedBytes
0000000000081268 0000000000000010 r kContentMountPointPathCtorExpectedBytes
00000000000812f0 0000000000000010 r kRebuildContentMountPointsExpectedBytes
0000000000081300 0000000000000010 r kManagerRenderExpectedBytes
0000000000081310 0000000000000010 r kManagerUpdateExpectedBytes
0000000000081320 0000000000000036 r isaac::runtime::(anonymous namespace)::kRules
0000000000081356 0000000000000005 r isaac::runtime::(anonymous namespace)::kFontOwner
000000000008135b 0000000000000005 r isaac::runtime::(anonymous namespace)::kGameOwner
0000000000081360 0000000000000006 r isaac::runtime::(anonymous namespace)::kSeedsOwner
0000000000081366 0000000000000006 r isaac::runtime::(anonymous namespace)::kInputOwner
0000000000081370 0000000000000020 r isaac::runtime::(anonymous namespace)::kEffectEntityTable
0000000000081390 0000000000000020 r isaac::runtime::(anonymous namespace)::kLiveEntityTable
00000000000813b0 0000000000000010 r isaac::runtime::(anonymous namespace)::kItemConfigItemOwner
00000000000813c0 000000000000000b r isaac::runtime::(anonymous namespace)::kItemConfigOwner
00000000000813d0 000000000000000d r isaac::runtime::(anonymous namespace)::kEntityPickupOwner
00000000000813e0 000000000000000d r isaac::runtime::(anonymous namespace)::kEntityPlayerOwner
00000000000813f0 0000000000000007 r isaac::runtime::(anonymous namespace)::kEntityOwner
00000000000813f8 0000000000000006 r isaac::runtime::(anonymous namespace)::kIsaacOwner
0000000000081400 000000000000001d r LuaRuntime::kItemConfigItemMetatable
0000000000081420 0000000000000018 r LuaRuntime::kItemConfigMetatable
0000000000081438 000000000000001a r LuaRuntime::kEntityPickupMetatable
0000000000081458 000000000000001a r LuaRuntime::kEntityPlayerMetatable
0000000000081478 0000000000000014 r LuaRuntime::kEntityMetatable
000000000008148c 0000000000000008 r CSWTCH.127
0000000000081494 000000000000001c r isaac::runtime::(anonymous namespace)::kNamedCallbacksRegistryKey
00000000000814b0 0000000000000004 r isaac::runtime::(anonymous namespace)::kModOwner
00000000000814b4 000000000000003a r ModPersistence::detail::kStatePath
00000000000814ee 0000000000000009 r ModPersistence::detail::kMagic
00000000000814f7 000000000000000d r isaac::runtime::(anonymous namespace)::kMusicOwner
0000000000081504 0000000000000010 r kGameSpecialSeedBannedCursesExpectedBytes
0000000000081514 0000000000000010 r kGameSpecialSeedPermanentCursesExpectedBytes
0000000000081524 0000000000000004 r isaac::runtime::(anonymous namespace)::kRngOwner
0000000000081528 0000000000000001 r isaac::runtime::(anonymous namespace)::kAnyAnimationName
0000000000081529 0000000000000006 r isaac::runtime::(anonymous namespace)::kSpriteFlipXField
000000000008152f 0000000000000006 r isaac::runtime::(anonymous namespace)::kSpriteColorField
0000000000081535 0000000000000006 r isaac::runtime::(anonymous namespace)::kSpriteScaleField
000000000008153b 0000000000000007 r isaac::runtime::(anonymous namespace)::kSpriteOwner
0000000000081542 0000000000000007 r isaac::runtime::(anonymous namespace)::kVectorOwner
0000000000081549 0000000000000040 r (anonymous namespace)::kDiagnosticsPath
00000000000815c8 0000000000000008 r version.0
00000000000815d0 0000000000000020 r optsnum.0
00000000000815f0 0000000000000101 r luai_ctype_
00000000000817b1 0000000000000100 r log_2.0
00000000000818b8 0000000000000010 r luaO_nilobject_
00000000000818c8 000000000000002f r luaP_opmodes
0000000000081948 000000000000002a r priority
00000000000819d0 0000000000000020 r dummynode_
00000000000819f0 0000000000000009 r udatatypename
00000000000819fc 0000000000000010 r limits.0
0000000000081a78 r __nx_mod0
0000000000081a98 000000000000000d r typeinfo name for std::bad_alloc
0000000000081aa8 0000000000000027 r typeinfo name for __gnu_cxx::__concurrence_lock_error
0000000000081ad0 0000000000000029 r typeinfo name for __gnu_cxx::__concurrence_unlock_error
0000000000081b00 000000000000000d r typeinfo name for std::exception
0000000000081b10 0000000000000020 r typeinfo name for __cxxabiv1::__forced_unwind
0000000000081b30 0000000000000024 r typeinfo name for __cxxabiv1::__foreign_exception
0000000000081b58 0000000000000025 r typeinfo name for __cxxabiv1::__si_class_type_info
0000000000081b80 000000000000000d r typeinfo name for std::type_info
0000000000081b90 0000000000000010 r typeinfo name for std::logic_error
0000000000081ba0 0000000000000011 r typeinfo name for std::length_error
0000000000081bb8 0000000000000011 r typeinfo name for std::out_of_range
0000000000081bd0 0000000000000022 r typeinfo name for __cxxabiv1::__class_type_info
0000000000081c00 0000000000000080 r npio2_hw
0000000000081c80 0000000000000108 r two_over_pi
0000000000081d90 0000000000000040 r PIo2
0000000000081dd0 0000000000000010 r init_jk
0000000000081de0 0000000000000060 r __inv_pio4
0000000000081e40 00000000000000e0 r __sincosf_table
0000000000081f20 0000000000000870 r __exp_data
0000000000082790 0000000000001048 r __pow_log_data
00000000000837e0 0000000000000890 r __log_data
0000000000084070 0000000000000018 r CSWTCH.7
0000000000084088 0000000000000018 r CSWTCH.6
00000000000840a0 0000000000000010 r Zero
00000000000840b0 0000000000000020 r atanlo
00000000000840d0 0000000000000020 r atanhi
00000000000840f0 000000000000000c r CSWTCH.7
0000000000084100 000000000000000c r CSWTCH.6
0000000000084110 0000000000000010 r atanlo
0000000000084120 0000000000000010 r atanhi
0000000000084248 0000000000000008 r terminator.0
0000000000084250 0000000000000001 r __aarch64_have_sme
0000000000084258 0000000000000014 r fpinan.0
0000000000084270 0000000000000014 r fpi.1
0000000000084290 0000000000000028 r tinytens
00000000000842b8 0000000000000100 r __hexdig
00000000000843c0 0000000000000030 r _DAYS_BEFORE_MONTH
00000000000843f0 0000000000000030 r DAYS_IN_MONTH
0000000000084640 0000000000000010 r zeroes.0
0000000000084650 0000000000000010 r blanks.1
0000000000084660 0000000000000101 r _ctype_
0000000000084810 0000000000000060 r __month_lengths
0000000000084870 000000000000000c r p05.0
0000000000084880 0000000000000028 r __mprec_bigtens
00000000000848a8 00000000000000c8 r __mprec_tens
0000000000084a70 0000000000000010 r zeroes.0
0000000000084a80 0000000000000010 r blanks.1
0000000000084b90 0000000000000010 r zeroes.0
0000000000084ba0 0000000000000010 r blanks.1
0000000000084bb0 000000000000006c r __action_table
0000000000084c20 000000000000006c r __state_table
0000000000084c90 0000000000000100 r __chclass
0000000000084e90 0000000000000010 r zeroes.0
0000000000084ea0 0000000000000010 r blanks.1
0000000000084f20 0000000000000022 r basefix.0
0000000000084f48 00000000000037f8 r categories
00000000000895d3 R __rela_dyn_start__
00000000000895d3 R __rel_dyn_end__
00000000000895d3 R __rel_dyn_start__
000000000009f520 R __rela_dyn_end__
000000000009f520 R __rela_plt_start__
000000000009f520 R __rel_plt_end__
000000000009f520 R __rel_plt_start__
000000000009f6b8 R __rela_plt_end__
000000000009f728 r __eh_frame_hdr_end__
000000000009f728 r __eh_frame_hdr_start__
00000000000a0000 a _DYNAMIC
00000000000a0000 d __dynamic_start__
00000000000a0180 00000000000001f8 d kSpriteBindingEntries
00000000000a0378 0000000000000168 d kFontBindingEntries
00000000000a04e0 0000000000000008 d (anonymous namespace)::g_ContentMountAdapter
00000000000a0548 0000000000000028 d vtable for LuaRuntime::LuaCallbackInvoker
00000000000a0570 0000000000000004 d LuaRuntime::(anonymous namespace)::g_RequireCacheRef
00000000000a0578 0000000000001408 d LuaRuntime::(anonymous namespace)::g_CallbackRegistry
00000000000a1980 0000000000000780 d LuaRuntime::(anonymous namespace)::kKeyboardConstants
00000000000a2100 00000000000001c0 d LuaRuntime::(anonymous namespace)::kButtonActionConstants
00000000000a22c0 00000000000001e0 d PcLuaEnumData::(anonymous namespace)::kTables
00000000000a24a0 00000000000004a0 d PcLuaEnumData::(anonymous namespace)::kModCallbacksValues
00000000000a2940 0000000000000640 d PcLuaEnumData::(anonymous namespace)::kCardValues
00000000000a2f80 0000000000000070 d PcLuaEnumData::(anonymous namespace)::kEntityPartitionValues
00000000000a2ff0 0000000000000c80 d PcLuaEnumData::(anonymous namespace)::kEffectVariantValues
00000000000a3c70 00000000000001c0 d PcLuaEnumData::(anonymous namespace)::kGridEntityTypeValues
00000000000a3e30 00000000000000a0 d PcLuaEnumData::(anonymous namespace)::kLevelCurseValues
00000000000a3ed0 00000000000002f0 d PcLuaEnumData::(anonymous namespace)::kChallengeValues
00000000000a41c0 0000000000000c30 d PcLuaEnumData::(anonymous namespace)::kTrinketTypeValues
00000000000a4df0 00000000000000c0 d PcLuaEnumData::(anonymous namespace)::kUseFlagValues
00000000000a4eb0 0000000000001580 d PcLuaEnumData::(anonymous namespace)::kEntityTypeValues
00000000000a6430 0000000000000340 d PcLuaEnumData::(anonymous namespace)::kPillEffectValues
00000000000a6770 0000000000000130 d PcLuaEnumData::(anonymous namespace)::kPillColorValues
00000000000a68a0 00000000000002f0 d PcLuaEnumData::(anonymous namespace)::kPlayerTypeValues
00000000000a6b90 0000000000000100 d PcLuaEnumData::(anonymous namespace)::kPlayerFormValues
00000000000a6c90 0000000000000050 d PcLuaEnumData::(anonymous namespace)::kItemTypeValues
00000000000a6ce0 00000000000001e0 d PcLuaEnumData::(anonymous namespace)::kPickupVariantValues
00000000000a6ec0 0000000000000170 d PcLuaEnumData::(anonymous namespace)::kLevelStageValues
00000000000a7030 00000000000001f0 d PcLuaEnumData::(anonymous namespace)::kRoomTypeValues
00000000000a7220 0000000000000280 d PcLuaEnumData::(anonymous namespace)::kItemPoolTypeValues
00000000000a74a0 0000000000002f10 d PcLuaEnumData::(anonymous namespace)::kCollectibleTypeValues
00000000000aa3b0 0000000000000004 d (anonymous namespace)::g_StartupStatus
00000000000aa3b8 0000000000000008 d Logging
00000000000aa3c8 0000000000000004 d exl::util::mem_layout::s_SelfModuleIdx
00000000000aa3d0 0000000000000018 d vtable for exl::log::SvcLogger
00000000000aa3e8 00000000000000c0 d isaac::runtime::kHookCatalog
00000000000aa4a8 0000000000000040 d isaac::runtime::ContentMountService::kLeaves
00000000000aa4e8 0000000000000030 d vtable for isaac::runtime::HookRoutingAdapter
00000000000aa518 0000000000000030 d vtable for isaac::runtime::ExlaunchHookAdapter
00000000000aa548 0000000000000028 d vtable for isaac::runtime::EngineContentMountAdapter
00000000000aa570 0000000000000030 d vtable for isaac::runtime::GameFileReaderAdapter
00000000000aa5a0 0000000000000050 d vtable for isaac::runtime::EmbeddedLuaAdapter
00000000000aa5f0 0000000000000040 d vtable for isaac::runtime::RuntimeHostApiService
00000000000aa630 0000000000000030 d vtable for isaac::runtime::RelaySlotHookAdapter
00000000000aa660 0000000000000030 d vtable for isaac::runtime::EntryRelayHookAdapter
00000000000aa690 0000000000000030 d vtable for isaac::runtime::GotSlotHookAdapter
00000000000aa6c0 0000000000000010 d isaac::runtime::(anonymous namespace)::g_defaultCatalog
00000000000aa6d0 0000000000002460 d isaac::runtime::(anonymous namespace)::kDefaultApis
00000000000acb30 00000000000000d8 d isaac::runtime::(anonymous namespace)::kColorConstants
00000000000acc08 00000000000000b0 d isaac::runtime::(anonymous namespace)::kColorFields
00000000000accb8 0000000000000010 d C.70.0
00000000000accc8 00000000000000d0 d isaac::runtime::(anonymous namespace)::kFontHandlers
00000000000acd98 0000000000000030 d isaac::runtime::detail::ApiSequence()::state
00000000000acdc8 0000000000000020 d isaac::runtime::(anonymous namespace)::kSeedsHandlers
00000000000acde8 0000000000000090 d isaac::runtime::(anonymous namespace)::kGameHandlers
00000000000ace78 0000000000000004 d isaac::runtime::EngineGuardCacheEnabledFlag()::enabled
00000000000ace80 0000000000000060 d isaac::runtime::(anonymous namespace)::kInputHandlers
00000000000acee0 0000000000000018 d C.447.0
00000000000acef8 0000000000000210 d isaac::runtime::(anonymous namespace)::kItemConfigTagConstants
00000000000ad108 0000000000000078 d isaac::runtime::(anonymous namespace)::kEntityIntegerFields
00000000000ad180 0000000000001400 d isaac::runtime::(anonymous namespace)::g_EntityDataEntries
00000000000ae580 0000000000000020 d isaac::runtime::(anonymous namespace)::kItemConfigItemHandlers
00000000000ae5a0 0000000000000060 d isaac::runtime::(anonymous namespace)::kItemConfigHandlers
00000000000ae600 0000000000000010 d isaac::runtime::(anonymous namespace)::kEntityPickupHandlers
00000000000ae610 0000000000000040 d isaac::runtime::(anonymous namespace)::kEntityHandlers
00000000000ae650 0000000000000290 d isaac::runtime::(anonymous namespace)::kEntityPlayerHandlers
00000000000ae8e0 0000000000000130 d isaac::runtime::(anonymous namespace)::kIsaacHandlers
00000000000aea10 0000000000000050 d isaac::runtime::(anonymous namespace)::kModHandlers
00000000000aea60 0000000000000030 d isaac::runtime::(anonymous namespace)::kMusicHandlers
00000000000aea90 0000000000000020 d isaac::runtime::(anonymous namespace)::kItemPoolHandlers
00000000000aeab0 0000000000000070 d isaac::runtime::(anonymous namespace)::kRoomHandlers
00000000000aeb20 0000000000000030 d isaac::runtime::(anonymous namespace)::kLevelHandlers
00000000000aeb50 0000000000000020 d isaac::runtime::(anonymous namespace)::kRngHandlers
00000000000aeb70 0000000000000120 d isaac::runtime::(anonymous namespace)::kSpriteHandlers
00000000000aec90 0000000000000100 d isaac::runtime::(anonymous namespace)::kVectorHandlers
00000000000aed90 0000000000000040 d vtable for ModPersistence::detail::RawFilePort
00000000000aedd0 0000000000000040 d vtable for (anonymous namespace)::SaltyNxDiagnosticFilePort
00000000000aee10 0000000000000008 d ModPersistence::detail::g_rawPort
00000000000aee18 0000000000000048 d opts.1
00000000000aee60 0000000000000190 d base_funcs
00000000000aeff0 0000000000000018 d ef.0
00000000000af008 0000000000000080 d co_funcs
00000000000af088 0000000000000128 d luaX_tokens
00000000000af1b0 00000000000001c0 d mathlib
00000000000af370 0000000000000120 d strlib
00000000000af490 0000000000000080 d tab_funcs
00000000000af510 00000000000000c0 d luaT_eventname.0
00000000000af5d0 0000000000000058 d luaT_typenames_
00000000000af628 0000000000000070 d funcs
00000000000af698 0000000000000008 d DW.ref.__gxx_personality_v0
00000000000af6a0 0000000000000018 d typeinfo for std::bad_alloc
00000000000af6b8 0000000000000028 d vtable for std::bad_alloc
00000000000af6e0 0000000000000018 d typeinfo for __gnu_cxx::__concurrence_lock_error
00000000000af6f8 0000000000000018 d typeinfo for __gnu_cxx::__concurrence_unlock_error
00000000000af710 0000000000000028 d vtable for __gnu_cxx::__concurrence_lock_error
00000000000af738 0000000000000028 d vtable for __gnu_cxx::__concurrence_unlock_error
00000000000af760 0000000000000010 d typeinfo for std::exception
00000000000af770 0000000000000010 d typeinfo for __cxxabiv1::__forced_unwind
00000000000af780 0000000000000010 d typeinfo for __cxxabiv1::__foreign_exception
00000000000af790 0000000000000008 d __cxxabiv1::__unexpected_handler
00000000000af798 0000000000000018 d typeinfo for __cxxabiv1::__si_class_type_info
00000000000af7b0 0000000000000058 d vtable for __cxxabiv1::__si_class_type_info
00000000000af808 0000000000000010 d typeinfo for std::type_info
00000000000af818 0000000000000018 d typeinfo for std::logic_error
00000000000af830 0000000000000018 d typeinfo for std::length_error
00000000000af848 0000000000000018 d typeinfo for std::out_of_range
00000000000af860 0000000000000028 d vtable for std::logic_error
00000000000af888 0000000000000028 d vtable for std::length_error
00000000000af8b0 0000000000000028 d vtable for std::out_of_range
00000000000af8d8 0000000000000018 d typeinfo for __cxxabiv1::__class_type_info
00000000000af8f0 0000000000000058 d vtable for __cxxabiv1::__class_type_info
00000000000af948 0000000000000008 d __cxxabiv1::__terminate_handler
00000000000af950 0000000000000290 d __global_locale
00000000000afbe0 0000000000000018 d __sglue
00000000000afbf8 0000000000000058 d tzinfo
00000000000afc50 0000000000000008 d _impure_ptr
00000000000afc58 0000000000000240 d _impure_data
00000000000afe98 0000000000000010 d _tzname
00000000000afea8 0000000000000008 d environ
00000000000afeb0 0000000000000008 d __malloc_sbrk_base
00000000000afeb8 0000000000000008 d __malloc_trim_threshold
00000000000afec0 0000000000000810 d __malloc_av_
00000000000b06d0 00000000000001f8 d _C_time_locale
00000000000b08e0 0000000000002000 d handles
00000000000b28e0 0000000000000010 d __stderr_handle
00000000000b28f0 0000000000000010 d __stdout_handle
00000000000b2900 0000000000000010 d __stdin_handle
00000000000b2910 0000000000000118 d devoptab_list
00000000000b2a28 0000000000000100 d dotab_stdnull
00000000000b2b28 0000000000000004 d defaultDevice
00000000000b2b2c D __got_start__
00000000000b2bd0 a _GLOBAL_OFFSET_TABLE_
00000000000b2fd0 D __got_end__
00000000000b2fd0 d __init_array_start
00000000000b2fd0 d __preinit_array_end
00000000000b2fd0 d __preinit_array_start
00000000000b2ff0 d __init_array_end
00000000000b3020 A __tbss_align_abs__
00000000000b3020 D __tbss_end__
00000000000b3020 D __tbss_start__
00000000000b3020 A __tdata_align_abs__
00000000000b3020 D __tdata_end__
00000000000b3020 D __tdata_start__
00000000000b4000 b __bss_start__
00000000000b4000 00000000000000d0 b exl_nx_module_runtime
00000000000b40d0 0000000000000004 b (anonymous namespace)::g_rebuildRelayRemountFailures
00000000000b40d4 0000000000000004 b (anonymous namespace)::g_rebuildRelayFired
00000000000b40d8 0000000000000004 b (anonymous namespace)::g_rebuildRelayDepth
00000000000b40e0 0000000000000004 b (anonymous namespace)::g_DeepestGameOwnerObservation
00000000000b40e8 0000000000000008 b guard variable for ModPersistence::detail::g_rawPort
00000000000b40f0 0000000000000008 b g_PresentGotSlotTarget
00000000000b40f8 0000000000000008 b g_PresentGotSlotDispatchReturn
00000000000b4100 0000000000000008 b exl::hook::impl::TrampolineHook<(anonymous namespace)::ManagerRenderHook>::OrigRef()::s_FnPtr
00000000000b4108 0000000000000008 b exl::hook::impl::TrampolineHook<(anonymous namespace)::ManagerUpdateHook>::OrigRef()::s_FnPtr
00000000000b4110 0000000000000450 b (anonymous namespace)::g_ContentMountService
00000000000b4560 0000000000100000 b (anonymous namespace)::g_DefaultEntry
00000000001b4560 0000000000080000 b (anonymous namespace)::g_DefaultManifest
0000000000234560 0000000000000030 b (anonymous namespace)::g_DefaultManifestBindings
0000000000234590 0000000000000004 b (anonymous namespace)::g_DefaultPersistenceGate
0000000000234594 0000000000000004 b (anonymous namespace)::g_DefaultCallbackGate
0000000000234598 0000000000000004 b (anonymous namespace)::g_DefaultManifestFailureWord
000000000023459c 0000000000000004 b (anonymous namespace)::g_DefaultManifestFailureDetail
00000000002345a0 0000000000000004 b (anonymous namespace)::g_DefaultManifestState
00000000002345a8 0000000000000008 b (anonymous namespace)::g_LuaGameIsPausedThunk
00000000002345b0 0000000000000008 b (anonymous namespace)::g_LuaGameOwnerSlot
00000000002345b8 0000000000000004 b (anonymous namespace)::g_RenderPresentRelayEntries
00000000002345bc 0000000000000004 b (anonymous namespace)::g_RenderPresentRelayState
00000000002345c0 0000000000000004 b (anonymous namespace)::g_RenderCallbackEntries
00000000002345c4 0000000000000004 b (anonymous namespace)::g_UpdateCallbackEntries
00000000002345c8 0000000000000040 b (anonymous namespace)::g_HookInstallResults
0000000000234608 0000000000000008 b (anonymous namespace)::g_RenderFrameManager
0000000000234610 0000000000000004 b (anonymous namespace)::g_HookEnabled
0000000000234614 0000000000000004 b isaac::runtime::HookInstallFailureCode()::value
0000000000234618 0000000000000004 b isaac::runtime::HookInstallFailureSlot()::value
000000000023461c 0000000000000004 b isaac::runtime::HookInstallInstalledCount()::value
0000000000234620 0000000000000004 b ModPersistence::detail::g_fileApiReady
0000000000234624 0000000000000004 b LuaRuntime::(anonymous namespace)::g_PendingGameStarted
0000000000234628 0000000000000008 b LuaRuntime::(anonymous namespace)::g_RequireCurrentModuleLength
0000000000234630 0000000000000040 b LuaRuntime::(anonymous namespace)::g_RequireCurrentModule
0000000000234670 0000000000000004 b LuaRuntime::(anonymous namespace)::g_RequireFailureTotal
0000000000234678 0000000000000008 b LuaRuntime::(anonymous namespace)::g_RequireLastFailureName
0000000000234680 0000000000000004 b LuaRuntime::(anonymous namespace)::g_RequireLastFailureCode
0000000000234688 0000000000000008 b LuaRuntime::(anonymous namespace)::g_RequireFirstFailureName
0000000000234690 0000000000000004 b LuaRuntime::(anonymous namespace)::g_RequireFirstFailureCode
0000000000234698 0000000000000008 b LuaRuntime::(anonymous namespace)::g_RequireErrorTail
00000000002346a0 0000000000000004 b LuaRuntime::(anonymous namespace)::g_RequireFailureDetail
00000000002346a4 0000000000000001 b LuaRuntime::(anonymous namespace)::g_RequireAvailable
00000000002346a5 0000000000000001 b LuaRuntime::(anonymous namespace)::g_Stage13Mode
00000000002346a8 0000000000000008 b LuaRuntime::(anonymous namespace)::g_Stage13RequireDepth
00000000002346b0 0000000000000008 b LuaRuntime::(anonymous namespace)::g_Stage13ModRootLength
00000000002346b8 0000000000100000 b LuaRuntime::(anonymous namespace)::g_Stage13RequireSource
00000000003346b8 0000000000000400 b LuaRuntime::(anonymous namespace)::g_Stage13ModRoot
0000000000334ab8 0000000000000030 b LuaRuntime::(anonymous namespace)::g_Stage13Bindings
0000000000334ae8 0000000000000008 b LuaRuntime::(anonymous namespace)::g_GameOperatorDelete
0000000000334af0 0000000000000008 b LuaRuntime::(anonymous namespace)::g_LibcxxStringAssign
0000000000334af8 0000000000000008 b LuaRuntime::(anonymous namespace)::g_SpriteReplaceSpritesheet
0000000000334b00 0000000000000008 b LuaRuntime::(anonymous namespace)::g_SpriteLoadGraphics
0000000000334b08 0000000000000008 b LuaRuntime::(anonymous namespace)::g_SpriteLoad
0000000000334b10 0000000000000008 b LuaRuntime::(anonymous namespace)::g_SpritePlayRandom
0000000000334b18 0000000000000008 b LuaRuntime::(anonymous namespace)::g_SpriteRenderLayer
0000000000334b20 0000000000000008 b LuaRuntime::(anonymous namespace)::g_SpriteRender
0000000000334b28 0000000000000008 b LuaRuntime::(anonymous namespace)::g_SpriteIsFinished
0000000000334b30 0000000000000008 b LuaRuntime::(anonymous namespace)::g_SpriteIsPlaying
0000000000334b38 0000000000000008 b LuaRuntime::(anonymous namespace)::g_SpriteUpdate
0000000000334b40 0000000000000008 b LuaRuntime::(anonymous namespace)::g_SpriteGetTexel
0000000000334b48 0000000000000008 b LuaRuntime::(anonymous namespace)::g_SpriteGetLayerFrame
0000000000334b50 0000000000000008 b LuaRuntime::(anonymous namespace)::g_SpriteSetLayerFrame
0000000000334b58 0000000000000008 b LuaRuntime::(anonymous namespace)::g_SpriteGetFrame
0000000000334b60 0000000000000008 b LuaRuntime::(anonymous namespace)::g_SpriteSetFrame
0000000000334b68 0000000000000008 b LuaRuntime::(anonymous namespace)::g_SpriteSetFrameNamed
0000000000334b70 0000000000000008 b LuaRuntime::(anonymous namespace)::g_SpriteSetAnimation
0000000000334b78 0000000000000008 b LuaRuntime::(anonymous namespace)::g_SpritePlay
0000000000334b80 0000000000000008 b LuaRuntime::(anonymous namespace)::g_SpriteDestructor
0000000000334b88 0000000000000008 b LuaRuntime::(anonymous namespace)::g_SpriteCtor
0000000000334b90 0000000000000008 b LuaRuntime::(anonymous namespace)::g_FontDrawStringScaledUTF8
0000000000334b98 0000000000000008 b LuaRuntime::(anonymous namespace)::g_FontDrawStringUTF8
0000000000334ba0 0000000000000008 b LuaRuntime::(anonymous namespace)::g_FontDrawStringScaled
0000000000334ba8 0000000000000008 b LuaRuntime::(anonymous namespace)::g_FontDrawString
0000000000334bb0 0000000000000008 b LuaRuntime::(anonymous namespace)::g_FontSetMissingCharacter
0000000000334bb8 0000000000000008 b LuaRuntime::(anonymous namespace)::g_FontGetCharacterWidth
0000000000334bc0 0000000000000008 b LuaRuntime::(anonymous namespace)::g_FontGetBaselineHeight
0000000000334bc8 0000000000000008 b LuaRuntime::(anonymous namespace)::g_FontGetLineHeight
0000000000334bd0 0000000000000008 b LuaRuntime::(anonymous namespace)::g_FontGetStringWidthUTF8
0000000000334bd8 0000000000000008 b LuaRuntime::(anonymous namespace)::g_FontGetStringWidth
0000000000334be0 0000000000000008 b LuaRuntime::(anonymous namespace)::g_FontIsLoaded
0000000000334be8 0000000000000008 b LuaRuntime::(anonymous namespace)::g_FontUnload
0000000000334bf0 0000000000000008 b LuaRuntime::(anonymous namespace)::g_FontLoad
0000000000334bf8 0000000000000008 b LuaRuntime::(anonymous namespace)::g_FontDestructor
0000000000334c00 0000000000000008 b LuaRuntime::(anonymous namespace)::g_FontCtor
0000000000334c08 0000000000000008 b LuaRuntime::(anonymous namespace)::g_InputGetActionValue
0000000000334c10 0000000000000008 b LuaRuntime::(anonymous namespace)::g_InputIsActionTriggered
0000000000334c18 0000000000000008 b LuaRuntime::(anonymous namespace)::g_InputIsActionPressed
0000000000334c20 0000000000000008 b LuaRuntime::(anonymous namespace)::g_RngNext
0000000000334c28 0000000000000008 b LuaRuntime::(anonymous namespace)::g_RngSetSeed
0000000000334c30 0000000000000008 b LuaRuntime::(anonymous namespace)::g_MusicResume
0000000000334c38 0000000000000008 b LuaRuntime::(anonymous namespace)::g_MusicPause
0000000000334c40 0000000000000008 b LuaRuntime::(anonymous namespace)::g_MusicGetCurrentMusicId
0000000000334c48 0000000000000008 b LuaRuntime::(anonymous namespace)::g_ItemPoolGetCollectible
0000000000334c50 0000000000000008 b LuaRuntime::(anonymous namespace)::g_LevelIsAscent
0000000000334c58 0000000000000008 b LuaRuntime::(anonymous namespace)::g_GameIsGreedMode
0000000000334c60 0000000000000008 b LuaRuntime::(anonymous namespace)::g_GameIsPausedThunk
0000000000334c68 0000000000000008 b LuaRuntime::(anonymous namespace)::g_GameOwnerSlot
0000000000334c70 0000000000000008 b LuaRuntime::(anonymous namespace)::g_EngineModuleBase
0000000000334c78 0000000000000004 b LuaRuntime::(anonymous namespace)::g_PreparationStatus
0000000000334c7c 0000000000000004 b LuaRuntime::(anonymous namespace)::g_PreparationStep
0000000000334c80 0000000000000004 b LuaRuntime::(anonymous namespace)::g_PostUpdateCount
0000000000334c88 0000000000000008 b LuaRuntime::(anonymous namespace)::g_CurrentCallbackManager
0000000000334c90 0000000000000001 b LuaRuntime::(anonymous namespace)::g_InPreGetCollectibleDispatch
0000000000334c94 0000000000000004 b LuaRuntime::(anonymous namespace)::g_LastLuaErrorLength
0000000000334c98 0000000000000100 b LuaRuntime::(anonymous namespace)::g_LastLuaErrorText
0000000000334d98 0000000000000004 b LuaRuntime::(anonymous namespace)::g_InManagedCallbackDispatch
0000000000334d9c 0000000000000004 b LuaRuntime::(anonymous namespace)::g_CallbackError
0000000000334da0 0000000000000004 b LuaRuntime::(anonymous namespace)::g_Ready
0000000000334da4 0000000000000001 b LuaRuntime::(anonymous namespace)::g_ModRegistered
0000000000334da8 0000000000000008 b LuaRuntime::(anonymous namespace)::g_LuaState
0000000000334db0 0000000000000004 b isaac::runtime::EngineGuardDispatchActive()::active
0000000000334db8 0000000000000098 b isaac::runtime::EngineGuardRegionCache()::cache
0000000000334e50 0000000000000004 b (anonymous namespace)::g_WorkerHandle
0000000000335000 0000000000004000 b (anonymous namespace)::g_WorkerStack
0000000000339000 0000000000000004 b (anonymous namespace)::g_RuntimeState
0000000000339008 0000000000000028 b exl::patch::impl::s_Storage
0000000000339030 0000000002000000 b __fake_heap
0000000002339030 0000000000000004 b exl::util::impl::s_UserVersion
0000000002339034 0000000000000004 b exl::util::proc_handle::(anonymous namespace)::s_Handle
0000000002339038 0000000000000008 b exl::util::impl::mem_layout::s_ModuleBitset
0000000002339040 00000000000003a8 b exl::util::impl::mem_layout::s_ModuleInfos
00000000023393e8 0000000000000010 b exl::util::mem_layout::s_Stack
00000000023393f8 0000000000000010 b exl::util::mem_layout::s_Aslr
0000000002339408 0000000000000010 b exl::util::mem_layout::s_Heap
0000000002339418 0000000000000010 b exl::util::mem_layout::s_Alias
0000000002339428 0000000000000028 b exl::hook::nx64::s_HookJit
0000000002339450 0000000000000028 b exl::hook::nx64::s_InlineHookJit
0000000002339478 0000000000000004 b isaac::runtime::relay::(anonymous namespace)::s_ArenaReady
0000000002339480 0000000000000004 b isaac::runtime::relay::(anonymous namespace)::s_ArenaClaimed
0000000002339488 0000000000000008 b isaac::runtime::relay::(anonymous namespace)::s_InstalledCount
0000000002339490 0000000000000008 b isaac::runtime::relay::(anonymous namespace)::s_NextSlot
0000000002339498 0000000000000004 b isaac::runtime::relay::(anonymous namespace)::s_LastFailure
00000000023394a0 0000000000000028 b isaac::runtime::relay::(anonymous namespace)::EntryRelayArena
00000000023394c8 0000000000000050 b isaac::runtime::RuntimeKernel::Instance()::kernel
0000000002339518 0000000000000008 b isaac::runtime::(anonymous namespace)::g_PostUpdateDispatchCount
0000000002339520 0000000000000008 b isaac::runtime::(anonymous namespace)::g_sessionService
0000000002339528 0000000000000001 b isaac::runtime::(anonymous namespace)::g_engineCallsResolved
0000000002339530 0000000000000028 b isaac::runtime::(anonymous namespace)::g_engineCalls
0000000002339558 0000000000000090 b isaac::runtime::(anonymous namespace)::g_hostApiService
00000000023395f0 0000000000000030 b isaac::runtime::(anonymous namespace)::g_fallbackEntries
0000000002339620 0000000000000030 b isaac::runtime::(anonymous namespace)::g_hookCallbacks
0000000002339650 0000000000000004 b isaac::runtime::(anonymous namespace)::g_LastFontLoadWord
0000000002339654 0000000000000004 b isaac::runtime::g_FontDrawAlpha
0000000002339658 0000000000000004 b isaac::runtime::g_FontIsLoadedResult
000000000233965c 0000000000000004 b isaac::runtime::g_FontIsLoadedCalls
0000000002339660 0000000000000004 b isaac::runtime::g_FontLoadResult
0000000002339664 0000000000000004 b isaac::runtime::g_FontLoadCalls
0000000002339668 0000000000000004 b isaac::runtime::g_FontDrawBytes
000000000233966c 0000000000000004 b isaac::runtime::g_FontDrawCalls
0000000002339670 0000000000000004 b isaac::runtime::g_LastNumPlayers
0000000002339674 0000000000000004 b isaac::runtime::g_LastIsPaused
0000000002339678 0000000000000004 b isaac::runtime::g_LastCountEnemies
000000000233967c 0000000000000001 b isaac::runtime::(anonymous namespace)::g_EntityDataEpochValid
0000000002339680 0000000000000008 b isaac::runtime::(anonymous namespace)::g_EntityDataEpochList
0000000002339688 0000000000000008 b isaac::runtime::(anonymous namespace)::g_EntityDataEpochRoom
0000000002339690 0000000000000008 b isaac::runtime::(anonymous namespace)::g_EntityDataEpoch
0000000002339698 0000000000000008 b isaac::runtime::(anonymous namespace)::g_EntityDataClock
00000000023396a0 0000000000000008 b isaac::runtime::(anonymous namespace)::g_QuerySeenCount
00000000023396b0 0000000000008000 b isaac::runtime::(anonymous namespace)::g_QuerySeen
00000000023416b0 0000000000000008 b isaac::runtime::(anonymous namespace)::g_ResolverEnd
00000000023416b8 0000000000000008 b isaac::runtime::(anonymous namespace)::g_ResolverBegin
00000000023416c0 0000000000000004 b isaac::runtime::(anonymous namespace)::g_EnginePlayerLookupCount
00000000023416c8 0000000000000008 b isaac::runtime::(anonymous namespace)::g_EnginePlayerLookupVtable
00000000023416d0 0000000000000008 b isaac::runtime::(anonymous namespace)::g_EnginePlayerLookupFirst
00000000023416d8 0000000000000004 b isaac::runtime::(anonymous namespace)::g_EnginePlayerLookupStage
00000000023416e0 0000000000000004 b isaac::runtime::(anonymous namespace)::g_FindInRadiusLastRadius
00000000023416e8 0000000000000004 b isaac::runtime::(anonymous namespace)::g_FindInRadiusLastMask
00000000023416f0 0000000000000004 b isaac::runtime::(anonymous namespace)::g_FindInRadiusFingerprint
00000000023416f8 0000000000000004 b isaac::runtime::(anonymous namespace)::g_FindInRadiusRoomOk
0000000002341700 0000000000000004 b isaac::runtime::(anonymous namespace)::g_FindInRadiusEffects
0000000002341708 0000000000000004 b isaac::runtime::(anonymous namespace)::g_FindInRadiusPlayers
0000000002341710 0000000000000004 b isaac::runtime::(anonymous namespace)::g_FindInRadiusLive
0000000002341718 0000000000000004 b isaac::runtime::(anonymous namespace)::g_FindInRadiusResults
0000000002341720 0000000000000004 b isaac::runtime::(anonymous namespace)::g_FindInRadiusCalls
0000000002341728 0000000000000004 b isaac::runtime::(anonymous namespace)::g_GetPlayerFailure
0000000002341730 0000000000000004 b isaac::runtime::(anonymous namespace)::g_GetPlayerSuccess
0000000002341738 0000000000000008 b isaac::runtime::(anonymous namespace)::g_RunCallbackDepth
0000000002341740 0000000000000008 b isaac::runtime::(anonymous namespace)::g_StubWarned
0000000002341748 0000000000000004 b isaac::runtime::g_GetItemConfigProbe
0000000002341750 0000000000000004 b isaac::runtime::g_LastFrameCountResult
0000000002341758 0000000000000004 b isaac::runtime::g_LastEntitySpawnFrame
0000000002341760 0000000000000004 b isaac::runtime::g_LastGameFrameCount
0000000002341768 0000000000000004 b isaac::runtime::g_FrameCountPositive
0000000002341770 0000000000000004 b isaac::runtime::g_FrameCountProbeReads
0000000002341778 0000000000000004 b isaac::runtime::g_LastEntityPickupTouchedRaw
0000000002341780 0000000000000004 b isaac::runtime::g_EntityPickupTouchedTrue
0000000002341788 0000000000000004 b isaac::runtime::g_EntityPickupTouchedReads
0000000002341790 0000000000000008 b isaac::runtime::g_LastEntityStringFieldHead
0000000002341798 0000000000000004 b isaac::runtime::g_EntityStringFieldReads
00000000023417a0 0000000000000004 b isaac::runtime::g_LastEntitySubTypeValue
00000000023417a8 0000000000000004 b isaac::runtime::g_LastEntityVariantValue
00000000023417b0 0000000000000004 b isaac::runtime::g_LastEntityTypeValue
00000000023417b8 0000000000000004 b isaac::runtime::g_EntityTypeFieldReads
00000000023417bc 0000000000000004 b LuaRuntime::(anonymous namespace)::g_Unhooked
00000000023417c0 0000000000000004 b LuaRuntime::(anonymous namespace)::g_Dispatchable
00000000023417c8 0000000000000008 b LuaRuntime::(anonymous namespace)::g_RegisteredHigh
00000000023417d0 0000000000000008 b LuaRuntime::(anonymous namespace)::g_RegisteredLow
00000000023417d8 0000000000004018 b ModPersistence::detail::g_cache
00000000023457f0 0000000000000008 b ModPersistence::detail::g_filePort
00000000023457f8 0000000000000004 b isaac::runtime::(anonymous namespace)::g_ProbeCursesReads
00000000023457fc 0000000000000004 b isaac::runtime::(anonymous namespace)::g_ProbeCursesFlags
0000000002345800 0000000000000004 b isaac::runtime::(anonymous namespace)::g_ProbeBannedCurses
0000000002345804 0000000000000004 b isaac::runtime::(anonymous namespace)::g_ProbePermanentCurses
0000000002345808 0000000000000004 b isaac::runtime::(anonymous namespace)::g_ProbeRawCurses
000000000234580c 0000000000000004 b isaac::runtime::(anonymous namespace)::g_ReplaceSpritesheetCalls
0000000002345810 0000000000000008 b isaac::runtime::(anonymous namespace)::g_ReplaceSpritesheetNameHead
0000000002345818 0000000000000004 b isaac::runtime::(anonymous namespace)::g_ReplaceSpritesheetNameLength
0000000002345820 0000000000000008 b isaac::runtime::(anonymous namespace)::g_nativeStringCursor
0000000002345828 0000000000001c00 b isaac::runtime::(anonymous namespace)::g_nativeStrings
0000000002347428 0000000000000008 b isaac::runtime::(anonymous namespace)::RequireClampVectors(lua_State*, int, LuaRuntime::VectorHandle**, LuaRuntime::VectorHandle**)::zero
0000000002347430 0000000000000008 b isaac::runtime::(anonymous namespace)::g_SpriteGetTexelLastWord
0000000002347438 0000000000000004 b isaac::runtime::(anonymous namespace)::g_SpriteGetTexelLastReason
000000000234743c 0000000000000004 b isaac::runtime::(anonymous namespace)::g_SpriteGetTexelFallbacks
0000000002347440 0000000000000004 b isaac::runtime::(anonymous namespace)::g_SpriteGetTexelCalls
0000000002347444 0000000000000020 b g_pluginNote
0000000002347470 0000000000000200 b self_journal::g_threadTlsBlock
0000000002347670 0000000000000018 b self_journal::g_lastResults
0000000002347688 0000000000000004 b self_journal::g_tlsState
000000000234768c 0000000000000004 b self_journal::g_serviceState
0000000002347690 0000000000000004 b self_journal::g_lastMarker
0000000002347694 0000000000000004 b self_journal::g_totalRecords
0000000002347698 0000000000000010 b self_journal::g_records
00000000023476a8 0000000000000010 b self_journal::g_attempts
00000000023476b8 0000000000000008 b g_runtimeSelfAddress
00000000023476c0 0000000000000160 b (anonymous namespace)::g_diagnosticSessionStorage
0000000002347820 00000000000000c8 b (anonymous namespace)::g_diagnosticPortStorage
00000000023478e8 0000000000000004 b (anonymous namespace)::g_diagnosticHandshake
00000000023478ec 0000000000000004 b (anonymous namespace)::g_diagnosticRegistrationCalls
00000000023478f0 0000000000000001 b (anonymous namespace)::g_diagnosticGateStoppedEarly
00000000023478f1 0000000000000001 b (anonymous namespace)::g_diagnosticSessionCreated
00000000023478f8 0000000000000020 b (anonymous namespace)::g_diagnosticFileApi
0000000002347918 0000000000000020 b ModPersistence::detail::g_rawFunctions
0000000002347938 0000000000000004 b (anonymous namespace)::g_diagnosticsAttach
0000000002347940 0000000000000004 b (anonymous namespace)::g_sequence
0000000002347948 0000000000000008 b (anonymous namespace)::g_stateDetail
0000000002347950 0000000000000001 b g_IsLegacyKernel
0000000002347958 0000000000000008 b g_Reservations
0000000002347960 0000000000000010 b g_StackRegion
0000000002347970 0000000000000010 b g_AslrRegion
0000000002347980 0000000000000010 b g_HeapRegion
0000000002347990 0000000000000010 b g_AliasRegion
00000000023479a0 0000000000000028 b (anonymous namespace)::emergency_pool
00000000023479c8 0000000000000004 b init
00000000023479cc 0000000000000001 b __eh_globals_init::_S_init
00000000023479d0 0000000000000010 b (anonymous namespace)::eh_globals
00000000023479e0 0000000000000008 b (anonymous namespace)::__new_handler
00000000023479e8 0000000000000020 b std::string::_Rep::_S_empty_rep_storage
0000000002347a08 0000000000000004 b once_regsizes.0
0000000002347a10 0000000000000062 b dwarf_reg_size_table
0000000002347a78 000000000000000c b object_mutex
0000000002347a88 0000000000000008 b seen_objects
0000000002347a90 0000000000000008 b unseen_objects
0000000002347a98 0000000000000008 b __sfp_recursive_mutex
0000000002347aa0 0000000000000228 b __sf
0000000002347cc8 0000000000000008 b __stdio_exit_handler
0000000002347cd0 0000000000000008 b __malloc_recursive_mutex
0000000002347cd8 0000000000000008 b prev_tzenv
0000000002347ce0 000000000000000c b __tzname_dst
0000000002347cf0 000000000000000c b __tzname_std
0000000002347d00 0000000000000008 b __env_recursive_mutex
0000000002347d08 0000000000000008 b _timezone
0000000002347d10 0000000000000004 b _daylight
0000000002347d14 0000000000000004 b __tz_mutex
0000000002347d18 0000000000000008 b initial_env
0000000002347d20 0000000000000050 b __malloc_current_mallinfo
0000000002347d70 0000000000000008 b __malloc_max_total_mem
0000000002347d78 0000000000000008 b __malloc_max_sbrked_mem
0000000002347d80 0000000000000008 b __malloc_top_pad
0000000002347d88 0000000000000004 b __hndl_lock
0000000002347d90 0000000000000008 b fake_heap_start
0000000002347d98 0000000000000008 b fake_heap_end
0000000002347da0 0000000000000004 b __pthread_once_cv
0000000002347da4 0000000000000004 b __pthread_once_lock
0000000002347da8 0000000000000008 b heap_start.0
0000000002347db0 b __bss_end__
0000000002348000 b __argdata__
0000000002348000 A __end__
