                 U nn::ro::detail::g_pAutoLoadList
                 U nn::ro::detail::g_LookupGlobalManualFunctionPointer
0000000000000000 T __code_start__
0000000000000000 T __module_start
0000000000000000 a __start__
0000000000000000 t __text_start__
0000000000000020 t entrypoint
0000000000000030 t get_module_info
0000000000000038 t __get_module_start_shim
0000000000000068 t bssclr_start
0000000000000074 t bss_loop
00000000000000b0 0000000000000080 t rtld::lookup_global_auto(char const*)
0000000000000100 a CTX_STACK_BASE_SIZE
0000000000000130 000000000000008c t __rtld_lazy_bind_symbol
00000000000001c0 00000000000000d4 t rtld::ModuleObject::GetSymbolByName(char const*)
0000000000000200 a CTX_STACK_FLOAT_SIZE
00000000000002a0 0000000000000148 t rtld::ModuleObject::TryResolveSymbol(unsigned long*, Elf64_Sym*)
00000000000003f0 0000000000000168 t exl_relocate_self
0000000000000560 000000000000003c t __rtld_elf_hash
00000000000005a0 0000000000000068 t IsaacModRuntime_RebuildContentMountPointsRelay
0000000000000610 0000000000000104 t bool (anonymous namespace)::VerifyGameEntry<16ul>(TargetModule const&, unsigned long, std::array<unsigned char, 16ul> const&, unsigned long*)
0000000000000720 0000000000000214 t GameFileReader::VerifyBindings(TargetModule const&, GameFileReader::Bindings*)
0000000000000940 0000000000000170 t GameFileReader::ReadTextFile(GameFileReader::Bindings const&, char const*, unsigned char*, unsigned long, unsigned long*)
0000000000000ab0 000000000000008c t (anonymous namespace)::IsReadableNonExecutableMapping(unsigned long, unsigned long)
0000000000000b3c 0000000000000034 t (anonymous namespace)::RecordGameOwnerObservation(GameOwnerObservation)
0000000000000b70 0000000000000094 t (anonymous namespace)::IsMappedRxModuleCodeWindow(unsigned long, unsigned long) [clone .constprop.0]
0000000000000c04 00000000000000e0 t ObserveGameIsPaused(unsigned long, unsigned long)
0000000000000ce4 00000000000000b4 t ReadCurrentGameLevelStage(unsigned long, unsigned int*)
0000000000000d98 00000000000000e0 t ReadCurrentGameItemPool(unsigned long, void**)
0000000000000e78 0000000000000110 t ReadCurrentGameRoom(unsigned long, void**)
0000000000000f88 0000000000000070 t ReadCurrentGameRoomType(unsigned long, unsigned int*)
0000000000000ff8 00000000000000e0 t ObserveGameIsGreedMode(unsigned long, unsigned long)
00000000000010d8 00000000000000dc t ObserveLevelIsAscent(unsigned long, unsigned long)
00000000000011b4 0000000000000044 t (anonymous namespace)::PackModLoadDiagnostics(isaac::runtime::ModLoadFailure const&)
00000000000011f8 0000000000000010 t (anonymous namespace)::RecordRenderPresentRelayInstall(RenderPresentRelayInstallResult)
0000000000001208 0000000000000090 t (anonymous namespace)::IsMappedRxModuleCodeWindow(unsigned long, unsigned long)
0000000000001298 000000000000001c t (anonymous namespace)::ObserveGameStart(void*, unsigned int)
00000000000012b4 000000000000002c t EntryRelayManagerRenderCallback::{lambda(IsaacRepentance::Manager*)#1}::_FUN(IsaacRepentance::Manager*)
00000000000012e0 0000000000000014 t (anonymous namespace)::ManagerRenderHook::Callback(IsaacRepentance::Manager*)::{lambda(IsaacRepentance::Manager*)#1}::_FUN(IsaacRepentance::Manager*)
00000000000012f4 0000000000000204 t (anonymous namespace)::LoadDefaultManifestModThroughService(unsigned int*) [clone .constprop.0]
00000000000014f8 0000000000000124 t (anonymous namespace)::ManagerUpdateHook::Callback(IsaacRepentance::Manager*)
000000000000161c 0000000000000098 t (anonymous namespace)::DispatchModPostRender(void*)
00000000000016b4 0000000000000030 t IsaacModRuntime_DispatchPostRenderBeforePresent
00000000000016e4 0000000000000080 t IsaacModRuntime_PresentGotSlotIntercept
0000000000001764 0000000000000080 t (anonymous namespace)::RenderHookBody(IsaacRepentance::Manager*, void (*)(IsaacRepentance::Manager*))
00000000000017e4 000000000000000c t (anonymous namespace)::ManagerRenderHook::Callback(IsaacRepentance::Manager*)
00000000000017f0 0000000000000038 t TargetModule::Contains(unsigned long, unsigned long) const
0000000000001828 00000000000000dc T IsaacModRuntime_GetHookDiagnostics
0000000000001904 000000000000000c t EntryRelayManagerRenderCallback
0000000000001910 0000000000000004 t EntryRelayManagerUpdateCallback
0000000000001914 0000000000000048 t PublishEntryRelayOriginals(TargetModule const&)
000000000000195c 0000000000000038 t verify_bytes(unsigned char const*, unsigned char const*, unsigned long)
0000000000001994 00000000000000e4 t auto (anonymous namespace)::VerifyGameStartRelay(TargetModule const&, unsigned long*)::{lambda(unsigned long, auto:1 const&, unsigned long, auto:2 const&)#1}::operator()<std::array<unsigned char, 4ul>, std::array<unsigned char, 80ul> >(unsigned long, std::array<unsigned char, 4ul> const&, unsigned long, std::array<unsigned char, 80ul> const&) const
0000000000001a78 00000000000000a4 t VerifyRngBindings(TargetModule const&, unsigned long*, unsigned long*)::{lambda(unsigned long, unsigned char const*, unsigned long, unsigned long*)#1}::operator()(unsigned long, unsigned char const*, unsigned long, unsigned long*) const [clone .constprop.0] [clone .isra.0]
0000000000001b1c 00000000000000a4 t VerifyMusicBindings(TargetModule const&, unsigned long*, unsigned long*, unsigned long*)::{lambda(unsigned long, unsigned char const*, unsigned long, unsigned long*)#1}::operator()(unsigned long, unsigned char const*, unsigned long, unsigned long*) const [clone .constprop.0] [clone .isra.0]
0000000000001bc0 0000000000000164 t VerifyManagerRelay(TargetModule const&, unsigned long, unsigned long*)
0000000000001d24 0000000000000164 t VerifyManagerRenderRelay(TargetModule const&, unsigned long, unsigned long*)
0000000000001e88 00000000000000f4 t VerifyGameOwnerSlot(TargetModule const&, unsigned long*)
0000000000001f7c 000000000000007c t EntryRelayPreGetCollectibleCallback
0000000000001ff8 000000000000001c t EntryRelayRebuildMountPointsCallback
0000000000002014 0000000000000020 W bool std::operator==<unsigned char, 32ul>(std::array<unsigned char, 32ul> const&, std::array<unsigned char, 32ul> const&)
0000000000002034 00000000000000b4 t VerifyManagerUpdate(TargetModule const&, unsigned long*)
00000000000020e8 00000000000000b4 t VerifyManagerRender(TargetModule const&, unsigned long*)
000000000000219c 0000000000000114 t TryInstallManagerRenderHook(TargetModule const&)
00000000000022b0 00000000000000e0 t VerifyGameIsPausedThunk(TargetModule const&, unsigned long*)
0000000000002390 00000000000000e0 t VerifyGameIsGreedMode(TargetModule const&, unsigned long*)
0000000000002470 00000000000000e0 t VerifyLevelIsAscent(TargetModule const&, unsigned long*)
0000000000002550 00000000000000e0 t VerifyGetRenderPositionStub(TargetModule const&, unsigned long*)
0000000000002630 00000000000000e0 t VerifyLevelGetAbsoluteStage(TargetModule const&, unsigned long*)
0000000000002710 00000000000000e0 t VerifyRoomGetFrameCount(TargetModule const&, unsigned long*)
00000000000027f0 00000000000000e0 t VerifyLevelIsNextStageAvailable(TargetModule const&, unsigned long*)
00000000000028d0 00000000000000e0 t VerifyManagerIsActionTriggered(TargetModule const&, unsigned long*)
00000000000029b0 00000000000000e0 t VerifyManagerIsActionPressed(TargetModule const&, unsigned long*)
0000000000002a90 00000000000000e0 t VerifyManagerGetActionValue(TargetModule const&, unsigned long*)
0000000000002b70 00000000000000cc t VerifyMusicBindings(TargetModule const&, unsigned long*, unsigned long*, unsigned long*)
0000000000002c3c 000000000000009c t VerifyRngBindings(TargetModule const&, unsigned long*, unsigned long*)
0000000000002cd8 000000000000003c t TryInstallRngBindings(TargetModule const&)
0000000000002d14 000000000000020c t TryInstallManagerPresentGotSlot(TargetModule const&)
0000000000002f20 00000000000001c4 t TryInstallManagerPresentRelay(TargetModule const&)
00000000000030e4 00000000000001dc t TryInstallRebuildMountPointsRelay(TargetModule const&)
00000000000032c0 0000000000000140 t TryInstallGameStartRelay(TargetModule const&)
0000000000003400 000000000000020c t TryInstallPreGetCollectibleRelay(TargetModule const&)
000000000000360c 0000000000000104 t bool VerifyBindingTable<LuaRuntime::LuaFontBindings, 15ul>(TargetModule const&, std::array<BindingGuardEntry, 15ul> const&, LuaRuntime::LuaFontBindings*)
0000000000003710 0000000000000010 t VerifyFontBindings(TargetModule const&, LuaRuntime::LuaFontBindings*)
0000000000003720 0000000000000104 t bool VerifyBindingTable<LuaRuntime::LuaSpriteBindings, 21ul>(TargetModule const&, std::array<BindingGuardEntry, 21ul> const&, LuaRuntime::LuaSpriteBindings*)
0000000000003824 0000000000000010 t VerifySpriteBindings(TargetModule const&, LuaRuntime::LuaSpriteBindings*)
0000000000003834 00000000000001c4 t PublishManagerEngineBindings(TargetModule const&)
00000000000039f8 00000000000001d4 t TryInstallDefaultManifestMod(TargetModule const&)
0000000000003bcc 000000000000013c t TryInstallManagerUpdateHook(TargetModule const&)
0000000000003d08 0000000000000040 t _GLOBAL__sub_I_hook_manager.cpp
0000000000003d48 0000000000000014 t _GLOBAL__sub_D_hook_manager.cpp
0000000000003d5c 0000000000000004 t LuaRuntime::LuaCallbackInvoker::~LuaCallbackInvoker()
0000000000003d5c 0000000000000004 t LuaRuntime::LuaCallbackInvoker::~LuaCallbackInvoker()
0000000000003d60 00000000000000f0 t LuaRuntime::(anonymous namespace)::CaptureLuaErrorTop(lua_State*)
0000000000003e50 000000000000003c t LuaRuntime::(anonymous namespace)::OpenLibrary(lua_State*, unsigned int, char const*, int (*)(lua_State*))
0000000000003e8c 00000000000000b0 t LuaRuntime::(anonymous namespace)::RecordRequireFailure(unsigned int)
0000000000003f3c 0000000000000034 t LuaRuntime::(anonymous namespace)::OsGetenv(lua_State*)
0000000000003f70 0000000000000124 t LuaRuntime::(anonymous namespace)::RegisterColorApi(lua_State*)
0000000000004094 000000000000005c t LuaRuntime::(anonymous namespace)::SetIntegerConstants(lua_State*, LuaRuntime::(anonymous namespace)::LuaIntegerConstant const*, unsigned long)
00000000000040f0 0000000000000080 t LuaRuntime::(anonymous namespace)::RegisterRngApi(lua_State*)
0000000000004170 00000000000000a8 t LuaRuntime::(anonymous namespace)::RegisterFontApi(lua_State*)
0000000000004218 000000000000024c t LuaRuntime::(anonymous namespace)::RegisterVectorApi(lua_State*)
0000000000004464 00000000000000f8 t LuaRuntime::(anonymous namespace)::RegisterSpriteApi(lua_State*)
000000000000455c 000000000000088c t LuaRuntime::(anonymous namespace)::PrepareRuntime(lua_State*)
0000000000004de8 0000000000000044 t LuaRuntime::(anonymous namespace)::OsSetlocale(lua_State*)
0000000000004e2c 000000000000004c t LuaRuntime::(anonymous namespace)::OsDifftime(lua_State*)
0000000000004e78 000000000000003c t LuaRuntime::(anonymous namespace)::OsClock(lua_State*)
0000000000004eb4 0000000000000008 t LuaRuntime::LuaCallbackInvoker::~LuaCallbackInvoker()
0000000000004ebc 000000000000010c t LuaRuntime::LuaCallbackInvoker::Invoke(isaac::runtime::CallbackDescriptor const&)
0000000000004fc8 00000000000000c0 t LuaRuntime::(anonymous namespace)::ValidateMusicMethod(unsigned long, unsigned char const*, unsigned long) [clone .constprop.0]
0000000000005088 00000000000000e4 t LuaRuntime::(anonymous namespace)::ResolveMusicForManager(unsigned long, unsigned long, unsigned char const*, unsigned long, unsigned long*) [clone .constprop.0]
000000000000516c 0000000000000038 t LuaRuntime::(anonymous namespace)::ResolveMusicForCall(unsigned long, unsigned char const*, unsigned long, unsigned long*) [clone .constprop.0]
00000000000051a4 000000000000003c t LuaRuntime::(anonymous namespace)::AppendRequireText(char*, unsigned long, unsigned long, char const*, unsigned long) [clone .constprop.0]
00000000000051e0 0000000000000264 t LuaRuntime::(anonymous namespace)::OsDate(lua_State*)
0000000000005444 0000000000000078 t LuaRuntime::(anonymous namespace)::ResetStage13Context()
00000000000054bc 0000000000000048 t LuaRuntime::(anonymous namespace)::ResetAfterFailure(lua_State*, LuaRuntime::LuaInitResult)
0000000000005504 0000000000000190 t LuaRuntime::(anonymous namespace)::InitializeScript(char const*, unsigned long, char const*) [clone .part.0]
0000000000005694 0000000000000024 t isaac::runtime::EngineReadableRegionCache::Clear()
00000000000056b8 000000000000002c t isaac::runtime::EngineGuardEnterDispatch()
00000000000056e4 0000000000000018 t isaac::runtime::EngineGuardLeaveDispatch()
00000000000056fc 0000000000000004 t LuaRuntime::RecordCallbackOperation(LuaRuntime::CallbackOperation)
0000000000005700 0000000000000018 t LuaRuntime::CallbackErrorPending()
0000000000005718 0000000000000048 t LuaRuntime::LastLuaErrorHead(unsigned int*)
0000000000005760 0000000000000054 t LuaRuntime::RecordLuaErrorText(char const*, unsigned long)
00000000000057b4 000000000000019c t LuaRuntime::ReportAndRecordLuaError(lua_State*, char const*, ...)
0000000000005950 000000000000014c t LuaRuntime::(anonymous namespace)::RegisterMod(lua_State*)
0000000000005a9c 000000000000008c t LuaRuntime::(anonymous namespace)::ModNewIndex(lua_State*)
0000000000005b28 00000000000000d4 t LuaRuntime::(anonymous namespace)::ModIndex(lua_State*)
0000000000005bfc 0000000000000074 t LuaRuntime::(anonymous namespace)::CreateGameHandle(lua_State*)
0000000000005c70 0000000000000074 t LuaRuntime::(anonymous namespace)::CreateMusicHandle(lua_State*)
0000000000005ce4 0000000000000074 t LuaRuntime::(anonymous namespace)::CreateRngHandle(lua_State*)
0000000000005d58 000000000000027c t LuaRuntime::(anonymous namespace)::DebugGetInfo(lua_State*)
0000000000005fd4 0000000000000190 t LuaRuntime::(anonymous namespace)::OsTime(lua_State*)
0000000000006164 0000000000000054 t LuaRuntime::(anonymous namespace)::MarkPostUpdate(lua_State*)
00000000000061b8 0000000000000038 t LuaRuntime::(anonymous namespace)::RaiseRequireFailure(lua_State*, unsigned int, char const*)
00000000000061f0 0000000000000664 t LuaRuntime::(anonymous namespace)::Require(lua_State*) [clone .part.0]
0000000000006854 0000000000000068 t LuaRuntime::(anonymous namespace)::Require(lua_State*)
00000000000068bc 0000000000000018 t LuaRuntime::InManagedCallbackScope()
00000000000068d4 0000000000000010 t LuaRuntime::GameOwnerSlot()
00000000000068e4 0000000000000010 t LuaRuntime::EngineModuleBase()
00000000000068f4 0000000000000010 t LuaRuntime::GameIsPausedThunk()
0000000000006904 0000000000000010 t LuaRuntime::GameIsGreedModeThunk()
0000000000006914 0000000000000010 t LuaRuntime::LevelIsAscentThunk()
0000000000006924 0000000000000010 t LuaRuntime::LevelGetAbsoluteStageThunk()
0000000000006934 0000000000000010 t LuaRuntime::RoomGetFrameCountThunk()
0000000000006944 0000000000000010 t LuaRuntime::LevelIsNextStageAvailableThunk()
0000000000006954 0000000000000010 t LuaRuntime::GetRenderPositionThunk()
0000000000006964 0000000000000010 t LuaRuntime::ItemPoolGetCollectibleThunk()
0000000000006974 0000000000000010 t LuaRuntime::MusicGetCurrentMusicIdThunk()
0000000000006984 0000000000000010 t LuaRuntime::MusicPauseThunk()
0000000000006994 0000000000000010 t LuaRuntime::MusicResumeThunk()
00000000000069a4 0000000000000010 t LuaRuntime::RngSetSeedThunk()
00000000000069b4 0000000000000010 t LuaRuntime::InputIsActionPressedThunk()
00000000000069c4 0000000000000010 t LuaRuntime::InputIsActionTriggeredThunk()
00000000000069d4 0000000000000010 t LuaRuntime::InputGetActionValueThunk()
00000000000069e4 0000000000000010 t LuaRuntime::RngNextThunk()
00000000000069f4 0000000000000010 t LuaRuntime::FontCtorThunk()
0000000000006a04 0000000000000010 t LuaRuntime::FontDestructorThunk()
0000000000006a14 0000000000000010 t LuaRuntime::FontLoadThunk()
0000000000006a24 0000000000000010 t LuaRuntime::FontUnloadThunk()
0000000000006a34 0000000000000010 t LuaRuntime::FontIsLoadedThunk()
0000000000006a44 0000000000000010 t LuaRuntime::FontGetStringWidthThunk()
0000000000006a54 0000000000000010 t LuaRuntime::FontGetStringWidthUTF8Thunk()
0000000000006a64 0000000000000010 t LuaRuntime::FontGetLineHeightThunk()
0000000000006a74 0000000000000010 t LuaRuntime::FontGetBaselineHeightThunk()
0000000000006a84 0000000000000010 t LuaRuntime::FontGetCharacterWidthThunk()
0000000000006a94 0000000000000010 t LuaRuntime::FontSetMissingCharacterThunk()
0000000000006aa4 0000000000000010 t LuaRuntime::FontDrawStringScaledThunk()
0000000000006ab4 0000000000000010 t LuaRuntime::FontDrawStringUTF8Thunk()
0000000000006ac4 0000000000000010 t LuaRuntime::FontDrawStringScaledUTF8Thunk()
0000000000006ad4 0000000000000010 t LuaRuntime::FontDrawStringThunk()
0000000000006ae4 0000000000000010 t LuaRuntime::SpriteCtorThunk()
0000000000006af4 0000000000000010 t LuaRuntime::SpriteDestructorThunk()
0000000000006b04 0000000000000010 t LuaRuntime::SpritePlayThunk()
0000000000006b14 0000000000000010 t LuaRuntime::SpriteSetAnimationThunk()
0000000000006b24 0000000000000010 t LuaRuntime::SpriteSetFrameNamedThunk()
0000000000006b34 0000000000000010 t LuaRuntime::SpriteSetFrameThunk()
0000000000006b44 0000000000000010 t LuaRuntime::SpriteGetFrameThunk()
0000000000006b54 0000000000000010 t LuaRuntime::SpriteSetLayerFrameThunk()
0000000000006b64 0000000000000010 t LuaRuntime::SpriteGetLayerFrameThunk()
0000000000006b74 0000000000000010 t LuaRuntime::SpriteGetTexelThunk()
0000000000006b84 0000000000000010 t LuaRuntime::SpriteUpdateThunk()
0000000000006b94 0000000000000010 t LuaRuntime::SpriteIsPlayingThunk()
0000000000006ba4 0000000000000010 t LuaRuntime::SpriteIsFinishedThunk()
0000000000006bb4 0000000000000010 t LuaRuntime::SpriteRenderThunk()
0000000000006bc4 0000000000000010 t LuaRuntime::SpriteRenderLayerThunk()
0000000000006bd4 0000000000000010 t LuaRuntime::SpritePlayRandomThunk()
0000000000006be4 0000000000000010 t LuaRuntime::SpriteLoadThunk()
0000000000006bf4 0000000000000010 t LuaRuntime::SpriteLoadGraphicsThunk()
0000000000006c04 0000000000000010 t LuaRuntime::SpriteReplaceSpritesheetThunk()
0000000000006c14 0000000000000010 t LuaRuntime::LibcxxStringAssignThunk()
0000000000006c24 0000000000000010 t LuaRuntime::GameOperatorDeleteThunk()
0000000000006c34 000000000000011c t LuaRuntime::ValidateItemPoolGetCollectibleBinding(unsigned long)
0000000000006d50 0000000000000010 t LuaRuntime::ResolveMusicGetCurrentMusicId(unsigned long, unsigned long*)
0000000000006d60 0000000000000010 t LuaRuntime::ResolveMusicPause(unsigned long, unsigned long*)
0000000000006d70 0000000000000010 t LuaRuntime::ResolveMusicResume(unsigned long, unsigned long*)
0000000000006d80 000000000000000c t LuaRuntime::ValidateRngSetSeedBinding(unsigned long)
0000000000006d8c 000000000000000c t LuaRuntime::ValidateRngNextBinding(unsigned long)
0000000000006d98 000000000000000c t LuaRuntime::ManagedCallbackRegistry()
0000000000006da4 0000000000000008 t LuaRuntime::RuntimeOwnerHandle()
0000000000006dac 0000000000000008 t LuaRuntime::IsStage13CallbackMode()
0000000000006db4 000000000000001c t LuaRuntime::InitializeFromBuffer(char const*, unsigned long, char const*)
0000000000006dd0 00000000000001d0 t LuaRuntime::InitializeManifestMod(char const*, unsigned long, char const*, char const*, GameFileReader::Bindings const&)
0000000000006fa0 0000000000000018 t LuaRuntime::Initialize()
0000000000006fb8 000000000000001c t LuaRuntime::SetGameBindings(unsigned long, unsigned long)
0000000000006fd4 0000000000000010 t LuaRuntime::SetEngineModuleBase(unsigned long)
0000000000006fe4 0000000000000028 t LuaRuntime::SetInputBindings(unsigned long, unsigned long, unsigned long)
000000000000700c 0000000000000010 t LuaRuntime::SetGameIsGreedModeBinding(unsigned long)
000000000000701c 0000000000000010 t LuaRuntime::SetLevelIsAscentBinding(unsigned long)
000000000000702c 0000000000000010 t LuaRuntime::SetGetRenderPositionBinding(unsigned long)
000000000000703c 0000000000000010 t LuaRuntime::SetLevelGetAbsoluteStageBinding(unsigned long)
000000000000704c 0000000000000010 t LuaRuntime::SetLevelIsNextStageAvailableBinding(unsigned long)
000000000000705c 0000000000000010 t LuaRuntime::SetRoomGetFrameCountBinding(unsigned long)
000000000000706c 0000000000000010 t LuaRuntime::SetItemPoolGetCollectibleBinding(unsigned long)
000000000000707c 0000000000000028 t LuaRuntime::SetMusicBindings(unsigned long, unsigned long, unsigned long)
00000000000070a4 000000000000001c t LuaRuntime::SetRngBindings(unsigned long, unsigned long)
00000000000070c0 00000000000000f4 t LuaRuntime::SetFontBindings(LuaRuntime::LuaFontBindings const&)
00000000000071b4 0000000000000154 t LuaRuntime::SetSpriteBindings(LuaRuntime::LuaSpriteBindings const&)
0000000000007308 0000000000000058 t LuaRuntime::IsMusicReadyForDefaultCallback(unsigned long)
0000000000007360 0000000000000018 t LuaRuntime::NoteGameStarted(bool)
0000000000007378 0000000000000018 t LuaRuntime::IsReady()
0000000000007390 0000000000000188 t LuaRuntime::DispatchPreGetCollectible(void*, unsigned int, unsigned int, unsigned int, unsigned int)
0000000000007518 0000000000000090 t LuaRuntime::DispatchPostGameStarted(bool)
00000000000075a8 00000000000000b4 t LuaRuntime::DispatchPostUpdate()
000000000000765c 0000000000000090 t LuaRuntime::DispatchPostRender(unsigned long)
00000000000076ec 0000000000000014 t _GLOBAL__sub_D_lua_runtime.cpp
0000000000007700 000000000000003c t (anonymous namespace)::Parser::SkipWhitespace()
000000000000773c 0000000000000034 t (anonymous namespace)::Parser::Consume(char)
0000000000007770 00000000000001d0 t (anonymous namespace)::Parser::ParseNumber(bool*)
0000000000007940 000000000000006c t (anonymous namespace)::Parser::Equals(char const*, (anonymous namespace)::ParsedString const&, char const*)
00000000000079ac 0000000000000058 t (anonymous namespace)::Parser::ConsumeLiteral(char const*, unsigned long)
0000000000007a04 0000000000000084 t (anonymous namespace)::Parser::ParseHexQuad(unsigned int*) [clone .constprop.0]
0000000000007a88 0000000000000044 t (anonymous namespace)::Parser::AppendByte(unsigned char, char*, unsigned long, (anonymous namespace)::ParsedString*) [clone .isra.0]
0000000000007acc 0000000000000374 t (anonymous namespace)::Parser::ParseString(char*, unsigned long, (anonymous namespace)::ParsedString*)
0000000000007e40 0000000000000200 t (anonymous namespace)::Parser::ParseValue(unsigned long)
0000000000008040 0000000000000634 t ModManifest::SelectFirstEnabled(char const*, unsigned long, ModManifest::SelectedMod*)
0000000000008680 0000000000000108 t ReadBuildId(ModuleRange const&, std::array<unsigned char, 32ul>*)
0000000000008790 00000000000003f4 t ScanTargetModule()
0000000000008b90 000000000000009c t FindTargetModule()
0000000000008c30 0000000000000030 t (anonymous namespace)::SetRuntimeState(RuntimeContext const&)
0000000000008c60 0000000000000150 t (anonymous namespace)::ModuleWorker(void*)
0000000000008db0 00000000000001a0 t exl_main
0000000000008f50 0000000000000030 t exl_exception_entry
0000000000008f80 0000000000000080 t Step(RuntimeState, RuntimeContext const&)
0000000000009000 00000000000000a0 t exl_init
00000000000090a0 00000000000000c4 t exl_module_init
0000000000009170 00000000000000d8 t exl_entrypoint_init
0000000000009250 0000000000000114 t exl::diag::AbortImpl(char const*, char const*, char const*, int)
0000000000009370 00000000000001cc t exl::diag::AbortImpl(char const*, char const*, char const*, int, char const*, ...)
0000000000009540 00000000000001c4 t exl::diag::OnAssertionFailure(exl::diag::AssertionType, char const*, char const*, char const*, int, char const*, ...)
0000000000009710 0000000000000014 t exl::diag::OnAssertionFailure(exl::diag::AssertionType, char const*, char const*, char const*, int)
0000000000009730 0000000000000040 t exl_abort
0000000000009770 00000000000000dc t exl::util::GetRandomU64()
0000000000009850 0000000000000004 t exl_random
0000000000009860 000000000000006c t exl::util::impl::InitVersion()
00000000000098d0 0000000000000080 t exl::util::proc_handle::(anonymous namespace)::ReceiveProcessHandleThreadMain(void*)
0000000000009950 0000000000000188 t exl::util::proc_handle::(anonymous namespace)::GetViaIpcTrick()
0000000000009ae0 000000000000005c t exl::util::proc_handle::Get()
0000000000009b40 0000000000000038 t exl::util::GetAddressFromInfo(InfoType) [clone .part.0]
0000000000009b80 0000000000000308 t exl::util::LogLayout()
0000000000009e90 00000000000007a0 t exl::util::impl::InitMemLayout()
000000000000a630 0000000000000218 t exl::util::RwPages::RwPages(unsigned long, unsigned long)
000000000000a630 0000000000000218 t exl::util::RwPages::RwPages(unsigned long, unsigned long)
000000000000a850 0000000000000044 t exl::util::RwPages::Flush() const
000000000000a8a0 0000000000000138 t exl::util::RwPages::~RwPages()
000000000000a8a0 0000000000000138 t exl::util::RwPages::~RwPages()
000000000000a9e0 0000000000000004 t exl::reloc::impl::Initialize()
000000000000a9f0 0000000000000008 t exl::log::SvcLogger::LogRaw(std::basic_string_view<char, std::char_traits<char> >)
000000000000aa00 0000000000000028 t exl::hook::nx64::Initialize()
000000000000b000 0000000000001000 t exl::hook::nx64::impl::s_HookJit::s_Area
000000000000c000 0000000000000018 t exl::hook::nx64::InitializeInline()
000000000000d000 0000000000001000 t exl::hook::nx64::impl::s_InlineHookJit::s_Area
000000000000e000 0000000000000680 t isaac::runtime::relay::TryInstallEntryRelay(unsigned long, void const*, unsigned long, unsigned long*)
000000000000e680 0000000000000010 t isaac::runtime::relay::LastFailure()
000000000000f000 0000000000001000 t isaac::runtime::relay::(anonymous namespace)::impl::EntryRelayArena::s_Area
0000000000010000 0000000000000084 t isaac::runtime::RuntimeBootstrap::Start()
0000000000010090 000000000000000c t isaac::runtime::RuntimeKernel::Instance()
00000000000100a0 000000000000004c t isaac::runtime::RuntimeKernel::Initialize(isaac::runtime::RuntimeDependencies const&)
00000000000100f0 0000000000000054 t isaac::runtime::RuntimeKernel::PublishEvent(unsigned int)
0000000000010150 00000000000000d8 t isaac::runtime::BinaryEventCodec::Encode(isaac::runtime::DiagnosticEvent const&, unsigned char*, unsigned long)
0000000000010230 0000000000000038 t isaac::runtime::DiagnosticHealth::RecordDrop()
0000000000010270 0000000000000070 t isaac::runtime::DiagnosticHealth::RecordFileFailure(isaac::runtime::DiagnosticHealthReason)
00000000000102e0 000000000000004c t isaac::runtime::HookInstallReport::InstalledCount() const
0000000000010330 0000000000000098 t isaac::runtime::HookInstallReport::FirstFailureSlot() const
00000000000103d0 00000000000001dc t isaac::runtime::HookInstallService::InstallProductionHooks(isaac::runtime::ModuleInfo const&, isaac::runtime::HookInstallReport*)
00000000000105b0 000000000000000c t isaac::runtime::ManagedFrameClock::Reset()
00000000000105c0 000000000000000c t isaac::runtime::ManagedFrameClock::Count()
00000000000105d0 000000000000010c t isaac::runtime::CallbackDispatcher::Dispatch(unsigned int, isaac::runtime::ThreadAffinity)
00000000000106e0 0000000000000058 t isaac::runtime::CallbackRegistry::Register(isaac::runtime::CallbackDescriptor const&)
0000000000010740 000000000000003c t isaac::runtime::CallbackRegistry::CountOf(unsigned int) const
0000000000010780 0000000000000054 t isaac::runtime::CallbackRegistry::At(unsigned int, unsigned long) const
00000000000107e0 0000000000000054 t isaac::runtime::CallbackRegistry::Reset()
0000000000010840 0000000000000190 t isaac::runtime::ContentMountService::RegisterMod(std::basic_string_view<char, std::char_traits<char> >)
00000000000109d0 00000000000000b4 t isaac::runtime::ContentMountService::RemountAll()
0000000000010a90 000000000000000c t isaac::runtime::SessionContentMountService()
0000000000010aa0 00000000000000bc t isaac::runtime::ManifestParser::Parse(char const*, unsigned long) const
0000000000010b60 0000000000000094 t isaac::runtime::(anonymous namespace)::JoinPath(char*, unsigned long, char const*, char const*) [clone .part.0]
0000000000010c00 0000000000000320 t isaac::runtime::ManifestService::Resolve(unsigned char*, unsigned long, char*, unsigned long, char*, unsigned long, char*, unsigned long, isaac::runtime::ModLoadFailure*) const
0000000000010f20 0000000000000220 t isaac::runtime::ModLoadService::Load(isaac::runtime::ModLoadRequest const&, isaac::runtime::ModLoadFailure*)
0000000000011140 0000000000000004 t isaac::runtime::HookRoutingAdapter::~HookRoutingAdapter()
0000000000011140 0000000000000004 t isaac::runtime::HookRoutingAdapter::~HookRoutingAdapter()
0000000000011150 000000000000005c t isaac::runtime::HookRoutingAdapter::Install(isaac::runtime::HookId, isaac::runtime::HookTarget const&)
00000000000111b0 000000000000005c t isaac::runtime::HookRoutingAdapter::IsInstalled(isaac::runtime::HookId) const
0000000000011210 0000000000000008 t isaac::runtime::HookRoutingAdapter::~HookRoutingAdapter()
0000000000011220 0000000000000008 t isaac::runtime::HookRoutingFailureCode(isaac::runtime::HookRoutingAdapter const&)
0000000000011230 0000000000000024 t isaac::runtime::ExlaunchHookAdapter::IsInstalled(isaac::runtime::HookId) const
0000000000011260 0000000000000004 t isaac::runtime::ExlaunchHookAdapter::~ExlaunchHookAdapter()
0000000000011260 0000000000000004 t isaac::runtime::ExlaunchHookAdapter::~ExlaunchHookAdapter()
0000000000011270 0000000000000150 t isaac::runtime::ExlaunchHookAdapter::Install(isaac::runtime::HookId, isaac::runtime::HookTarget const&)
00000000000113c0 0000000000000008 t isaac::runtime::ExlaunchHookAdapter::~ExlaunchHookAdapter()
00000000000113d0 0000000000000004 t isaac::runtime::EngineContentMountAdapter::~EngineContentMountAdapter()
00000000000113d0 0000000000000004 t isaac::runtime::EngineContentMountAdapter::~EngineContentMountAdapter()
00000000000113e0 0000000000000008 t isaac::runtime::EngineContentMountAdapter::~EngineContentMountAdapter()
00000000000113f0 0000000000000050 t isaac::runtime::(anonymous namespace)::GuardedCode(TargetModule const&, unsigned long, std::array<unsigned char, 16ul> const&) [clone .isra.0]
0000000000011440 00000000000004e0 t isaac::runtime::EngineContentMountAdapter::MountModDirectory(std::basic_string_view<char, std::char_traits<char> >, std::basic_string_view<char, std::char_traits<char> >)
0000000000011920 0000000000000018 t isaac::runtime::GameFileReaderAdapter::Size(std::basic_string_view<char, std::char_traits<char> >, unsigned long*)
0000000000011940 0000000000000004 t isaac::runtime::GameFileReaderAdapter::~GameFileReaderAdapter()
0000000000011940 0000000000000004 t isaac::runtime::GameFileReaderAdapter::~GameFileReaderAdapter()
0000000000011950 00000000000000fc t isaac::runtime::GameFileReaderAdapter::Read(std::basic_string_view<char, std::char_traits<char> >, unsigned char*, unsigned long, unsigned long*)
0000000000011a50 0000000000000008 t isaac::runtime::GameFileReaderAdapter::~GameFileReaderAdapter()
0000000000011a60 0000000000000008 t isaac::runtime::EmbeddedLuaAdapter::CallGlobal(char const*, int, int*)
0000000000011a70 0000000000000004 t isaac::runtime::EmbeddedLuaAdapter::Shutdown()
0000000000011a80 0000000000000004 t isaac::runtime::EmbeddedLuaAdapter::~EmbeddedLuaAdapter()
0000000000011a80 0000000000000004 t isaac::runtime::EmbeddedLuaAdapter::~EmbeddedLuaAdapter()
0000000000011a90 0000000000000020 t isaac::runtime::EmbeddedLuaAdapter::Initialize()
0000000000011ab0 0000000000000004 t isaac::runtime::EmbeddedLuaAdapter::IsReady() const
0000000000011ac0 0000000000000044 t isaac::runtime::EmbeddedLuaAdapter::RunChunk(isaac::runtime::LuaChunk const&)
0000000000011b10 0000000000000084 t isaac::runtime::EmbeddedLuaAdapter::LoadManifestMod(isaac::runtime::ManifestModLoad const&, unsigned int*)
0000000000011ba0 0000000000000008 t isaac::runtime::EmbeddedLuaAdapter::~EmbeddedLuaAdapter()
0000000000011bb0 0000000000000008 t isaac::runtime::RuntimeHostApiService::Abi() const
0000000000011bc0 0000000000000004 t isaac::runtime::RuntimeHostApiService::~RuntimeHostApiService()
0000000000011bc0 0000000000000004 t isaac::runtime::RuntimeHostApiService::~RuntimeHostApiService()
0000000000011bd0 0000000000000040 t isaac::runtime::RuntimeHostApiService::PublishedFileApi(isaac::runtime::HostFileApiV1*) const
0000000000011c10 0000000000000008 t isaac::runtime::RuntimeHostApiService::~RuntimeHostApiService()
0000000000011c20 0000000000000088 t isaac::runtime::RuntimeHostApiService::RegisterFilePort(isaac::runtime::HostFileApiV1 const&)
0000000000011cb0 0000000000000038 t isaac::runtime::RuntimeHostApiService::PublishHostEvent(void const*, unsigned int)
0000000000011cf0 000000000000003c t isaac::runtime::(anonymous namespace)::PublishHostEventThunk(void const*, unsigned int)
0000000000011d30 00000000000000a0 t isaac::runtime::(anonymous namespace)::RegisterFilePortThunk(isaac::runtime::HostFileApiV1 const*)
0000000000011dd0 0000000000000060 t isaac::runtime::RuntimeHostApiService::RuntimeHostApiService(unsigned long)
0000000000011dd0 0000000000000060 t isaac::runtime::RuntimeHostApiService::RuntimeHostApiService(unsigned long)
0000000000011e30 000000000000000c t isaac::runtime::HostApiService()
0000000000011e40 0000000000000014 T IsaacModRuntime_GetHostApi
0000000000011e60 0000000000000018 t _GLOBAL__sub_I_runtime_host_api_service.cpp
0000000000011e80 0000000000000024 t isaac::runtime::RelaySlotHookAdapter::IsInstalled(isaac::runtime::HookId) const
0000000000011eb0 0000000000000004 t isaac::runtime::RelaySlotHookAdapter::~RelaySlotHookAdapter()
0000000000011eb0 0000000000000004 t isaac::runtime::RelaySlotHookAdapter::~RelaySlotHookAdapter()
0000000000011ec0 00000000000000a4 t isaac::runtime::RelaySlotHookAdapter::Install(isaac::runtime::HookId, isaac::runtime::HookTarget const&)
0000000000011f70 0000000000000008 t isaac::runtime::RelaySlotHookAdapter::~RelaySlotHookAdapter()
0000000000011f80 0000000000000024 t isaac::runtime::EntryRelayHookAdapter::IsInstalled(isaac::runtime::HookId) const
0000000000011fb0 0000000000000004 t isaac::runtime::EntryRelayHookAdapter::~EntryRelayHookAdapter()
0000000000011fb0 0000000000000004 t isaac::runtime::EntryRelayHookAdapter::~EntryRelayHookAdapter()
0000000000011fc0 0000000000000008 t isaac::runtime::EntryRelayHookAdapter::~EntryRelayHookAdapter()
0000000000011fd0 0000000000000198 t isaac::runtime::EntryRelayHookAdapter::Install(isaac::runtime::HookId, isaac::runtime::HookTarget const&)
0000000000012170 0000000000000038 t isaac::runtime::RegisterEntryRelayCallbacks()
00000000000121b0 0000000000000024 t isaac::runtime::EntryRelayFallbackEntry(isaac::runtime::HookId)
00000000000121e0 0000000000000008 t isaac::runtime::EntryRelayHookAdapter::LastFailureCode() const
00000000000121f0 0000000000000024 t isaac::runtime::GotSlotHookAdapter::IsInstalled(isaac::runtime::HookId) const
0000000000012220 0000000000000004 t isaac::runtime::GotSlotHookAdapter::~GotSlotHookAdapter()
0000000000012220 0000000000000004 t isaac::runtime::GotSlotHookAdapter::~GotSlotHookAdapter()
0000000000012230 00000000000000a4 t isaac::runtime::GotSlotHookAdapter::Install(isaac::runtime::HookId, isaac::runtime::HookTarget const&)
00000000000122e0 0000000000000008 t isaac::runtime::GotSlotHookAdapter::~GotSlotHookAdapter()
00000000000122f0 00000000000000f4 t isaac::runtime::ManifestSelectorAdapter::Select(char const*, unsigned long, isaac::runtime::ModManifest*)
00000000000123f0 000000000000000c t isaac::runtime::ManifestSelectorAdapter::SelectFunction()
0000000000012400 000000000000007c t isaac::runtime::RuntimeStateMachine::Apply(isaac::runtime::RuntimeContext&, isaac::runtime::RuntimeEvent)
0000000000012480 000000000000000c t isaac::runtime::ApiCatalog::Default()
0000000000012490 0000000000000024 t isaac::runtime::ApiCatalog::At(unsigned long) const
00000000000124c0 0000000000000040 t isaac::runtime::ApiCatalog::Find(unsigned int) const
0000000000012500 00000000000000a4 t isaac::runtime::ColorIndex(lua_State*)
00000000000125a4 0000000000000118 t isaac::runtime::ColorNewIndex(lua_State*)
00000000000126bc 00000000000001ac t isaac::runtime::CreateColorHandle(lua_State*)
0000000000012868 00000000000000dc t isaac::runtime::KColorClassIndex(lua_State*)
0000000000012944 000000000000006c t isaac::runtime::(anonymous namespace)::RequireLoadedFont(lua_State*, void*, char const*)
00000000000129b0 000000000000006c t isaac::runtime::(anonymous namespace)::ResolveFont(lua_State*, char const*, void**) [clone .constprop.0]
0000000000012a1c 00000000000000bc t isaac::runtime::(anonymous namespace)::FontIsLoaded(lua_State*)
0000000000012ad8 00000000000003f8 t isaac::runtime::(anonymous namespace)::DrawStringVariant(lua_State*, char const*, bool, bool)
0000000000012ed0 0000000000000014 t isaac::runtime::(anonymous namespace)::FontDrawStringScaledUTF8(lua_State*)
0000000000012ee4 0000000000000014 t isaac::runtime::(anonymous namespace)::FontDrawStringUTF8(lua_State*)
0000000000012ef8 0000000000000014 t isaac::runtime::(anonymous namespace)::FontDrawStringScaled(lua_State*)
0000000000012f0c 0000000000000014 t isaac::runtime::(anonymous namespace)::FontDrawString(lua_State*)
0000000000012f20 0000000000000084 t isaac::runtime::(anonymous namespace)::FontUnload(lua_State*)
0000000000012fa4 00000000000000e8 t isaac::runtime::(anonymous namespace)::FontGetStringWidth(lua_State*)
000000000001308c 00000000000000e8 t isaac::runtime::(anonymous namespace)::FontGetStringWidthUTF8(lua_State*)
0000000000013174 00000000000000b8 t isaac::runtime::(anonymous namespace)::FontGetLineHeight(lua_State*)
000000000001322c 00000000000000b8 t isaac::runtime::(anonymous namespace)::FontGetBaselineHeight(lua_State*)
00000000000132e4 0000000000000100 t isaac::runtime::(anonymous namespace)::FontGetCharacterWidth(lua_State*)
00000000000133e4 00000000000000d4 t isaac::runtime::(anonymous namespace)::FontSetMissingCharacter(lua_State*)
00000000000134b8 0000000000000010 W std::char_traits<char>::compare(char const*, char const*, unsigned long)
00000000000134c8 0000000000000068 W std::__cxx11::basic_string<char, std::char_traits<char>, std::allocator<char> >::basic_string(std::__cxx11::basic_string<char, std::char_traits<char>, std::allocator<char> >&&)
00000000000134c8 0000000000000068 W std::__cxx11::basic_string<char, std::char_traits<char>, std::allocator<char> >::basic_string(std::__cxx11::basic_string<char, std::char_traits<char>, std::allocator<char> >&&)
0000000000013530 0000000000000044 W std::basic_string_view<char, std::char_traits<char> >::substr(unsigned long, unsigned long) const
0000000000013574 00000000000000bc W std::basic_string_view<char, std::char_traits<char> >::find(char const*, unsigned long, unsigned long) const
0000000000013630 0000000000000034 W std::basic_string_view<char, std::char_traits<char> >::find(char const*, unsigned long) const
0000000000013664 000000000000006c W std::basic_string_view<char, std::char_traits<char> >::rfind(char const*, unsigned long, unsigned long) const
00000000000136d0 00000000000000c4 W std::__cxx11::basic_string<char, std::char_traits<char>, std::allocator<char> >::find(char const*, unsigned long) const
0000000000013794 00000000000000a8 W std::__cxx11::basic_string<char, std::char_traits<char>, std::allocator<char> >::compare(unsigned long, unsigned long, char const*) const
000000000001383c 00000000000000e0 t isaac::runtime::CreateFontHandle(lua_State*)
000000000001391c 0000000000000060 t isaac::runtime::DestroyFontHandle(lua_State*)
000000000001397c 0000000000000020 t isaac::runtime::AttachFontMethods(lua_State*)
000000000001399c 00000000000000c8 t isaac::runtime::RecordFontLoadForProbe(std::basic_string_view<char, std::char_traits<char> >, bool)
0000000000013a64 0000000000000050 W std::basic_string_view<char, std::char_traits<char> >::compare(std::basic_string_view<char, std::char_traits<char> >) const
0000000000013ab4 000000000000003c W std::basic_string_view<char, std::char_traits<char> >::compare(unsigned long, unsigned long, char const*) const
0000000000013af0 0000000000000024 W std::__cxx11::basic_string<char, std::char_traits<char>, std::allocator<char> >::_M_dispose()
0000000000013b14 0000000000000020 W std::__cxx11::basic_string<char, std::char_traits<char>, std::allocator<char> >::_S_copy(char*, char const*, unsigned long)
0000000000013b34 000000000000008c W std::__cxx11::basic_string<char, std::char_traits<char>, std::allocator<char> >::basic_string<std::basic_string_view<char, std::char_traits<char> >, void>(std::basic_string_view<char, std::char_traits<char> > const&, std::allocator<char> const&)
0000000000013b34 000000000000008c W std::__cxx11::basic_string<char, std::char_traits<char>, std::allocator<char> >::basic_string<std::basic_string_view<char, std::char_traits<char> >, void>(std::basic_string_view<char, std::char_traits<char> > const&, std::allocator<char> const&)
0000000000013bc0 000000000000011c W std::__cxx11::basic_string<char, std::char_traits<char>, std::allocator<char> >::_M_mutate(unsigned long, unsigned long, char const*, unsigned long)
0000000000013cdc 0000000000000080 W std::__cxx11::basic_string<char, std::char_traits<char>, std::allocator<char> >::_M_append(char const*, unsigned long)
0000000000013d5c 00000000000000ac t std::__cxx11::basic_string<char, std::char_traits<char>, std::allocator<char> >::operator=(std::__cxx11::basic_string<char, std::char_traits<char>, std::allocator<char> >&&) [clone .isra.0]
0000000000013e08 000000000000010c W std::__cxx11::basic_string<char, std::char_traits<char>, std::allocator<char> >::_M_replace(unsigned long, unsigned long, char const*, unsigned long)
0000000000013f14 000000000000056c t isaac::runtime::(anonymous namespace)::NormalizeModResourcePath(char const*, std::__cxx11::basic_string<char, std::char_traits<char>, std::allocator<char> >&)
0000000000014480 0000000000000194 t isaac::runtime::(anonymous namespace)::FontLoad(lua_State*)
0000000000014614 0000000000000078 t isaac::runtime::(anonymous namespace)::SeedsGetStartSeed(lua_State*)
000000000001468c 00000000000000c4 t isaac::runtime::(anonymous namespace)::GameIsGreedMode(lua_State*)
0000000000014750 0000000000000080 t isaac::runtime::(anonymous namespace)::SeedsIsCustomRun(lua_State*)
00000000000147d0 0000000000000048 t isaac::runtime::RecordApiSequence(unsigned int) [clone .part.0]
0000000000014818 0000000000000074 t isaac::runtime::(anonymous namespace)::GameGetVictoryLap(lua_State*)
000000000001488c 00000000000000a0 t isaac::runtime::(anonymous namespace)::GameGetSeeds(lua_State*)
000000000001492c 0000000000000094 t isaac::runtime::(anonymous namespace)::GameGetNumPlayers(lua_State*)
00000000000149c0 00000000000000e0 t isaac::runtime::(anonymous namespace)::GameGetRoom(lua_State*)
0000000000014aa0 00000000000000e0 t isaac::runtime::(anonymous namespace)::GameGetItemPool(lua_State*)
0000000000014b80 00000000000000b0 t isaac::runtime::(anonymous namespace)::GameGetLevel(lua_State*)
0000000000014c30 0000000000000104 t isaac::runtime::(anonymous namespace)::GameIsPaused(lua_State*)
0000000000014d34 000000000000001c t isaac::runtime::EngineReadableRegionCache::Lock() const
0000000000014d50 00000000000000b4 t isaac::runtime::EngineGuardRememberReadable(unsigned long, unsigned long)
0000000000014e04 0000000000000120 t isaac::runtime::(anonymous namespace)::IsEngineMemoryReadable(unsigned long, unsigned long)
0000000000014f24 000000000000003c t bool isaac::runtime::(anonymous namespace)::ReadEngine<float>(unsigned long, float*)
0000000000014f24 000000000000003c t bool isaac::runtime::(anonymous namespace)::ReadEngine<int>(unsigned long, int*)
0000000000014f24 000000000000003c t bool isaac::runtime::(anonymous namespace)::ReadEngine<unsigned int>(unsigned long, unsigned int*)
0000000000014f60 0000000000000070 t isaac::runtime::(anonymous namespace)::ResolveGame()
0000000000014fd0 00000000000000ac t isaac::runtime::(anonymous namespace)::GameGetFrameCount(lua_State*)
000000000001507c 00000000000001c4 t isaac::runtime::GameIndex(lua_State*)
0000000000015240 0000000000000020 t isaac::runtime::AttachGameMethods(lua_State*)
0000000000015260 0000000000000020 t isaac::runtime::AttachSeedsMethods(lua_State*)
0000000000015280 0000000000000078 t isaac::runtime::(anonymous namespace)::CheckInputQueryArguments(lua_State*, char const*)
00000000000152f8 0000000000000098 t isaac::runtime::(anonymous namespace)::InputGetActionValue(lua_State*)
0000000000015390 0000000000000030 t isaac::runtime::(anonymous namespace)::InputGetButtonValue(lua_State*)
00000000000153c0 0000000000000030 t isaac::runtime::(anonymous namespace)::InputIsButtonPressed(lua_State*)
00000000000153f0 0000000000000030 t isaac::runtime::(anonymous namespace)::InputIsButtonTriggered(lua_State*)
0000000000015420 0000000000000098 t isaac::runtime::(anonymous namespace)::InputIsActionTriggered(lua_State*)
00000000000154b8 00000000000000b0 t isaac::runtime::(anonymous namespace)::InputIsActionPressed(lua_State*)
0000000000015568 0000000000000020 t isaac::runtime::AttachInputMethods(lua_State*)
0000000000015590 000000000000003c t isaac::runtime::(anonymous namespace)::ItemConfigItemHasTags(lua_State*)
00000000000155d0 000000000000003c t isaac::runtime::(anonymous namespace)::ItemConfigHasTags(lua_State*)
0000000000015610 0000000000000248 t isaac::runtime::(anonymous namespace)::IsaacRunCallback(lua_State*)
0000000000015860 00000000000000d8 t isaac::runtime::(anonymous namespace)::PushMethodFrom(lua_State*, char const*, char const*)
0000000000015940 0000000000000050 t isaac::runtime::(anonymous namespace)::IsaacIsInGame(lua_State*)
0000000000015990 00000000000000f4 t isaac::runtime::(anonymous namespace)::IsaacDebugString(lua_State*)
0000000000015a90 0000000000000068 t isaac::runtime::(anonymous namespace)::IsaacGetTime(lua_State*)
0000000000015b00 0000000000000050 t isaac::runtime::(anonymous namespace)::IsaacGetFrameCount(lua_State*)
0000000000015b50 0000000000000080 t isaac::runtime::(anonymous namespace)::ItemConfigIndex(lua_State*)
0000000000015bd0 00000000000001f0 t isaac::runtime::(anonymous namespace)::IsaacGetCallbacks(lua_State*)
0000000000015dc0 00000000000002d4 t isaac::runtime::(anonymous namespace)::IsEngineMemoryReadable(unsigned long, unsigned long)
00000000000160a0 00000000000002d0 t isaac::runtime::(anonymous namespace)::IsEngineMemoryReadable(unsigned long, unsigned long) [clone .constprop.0]
0000000000016370 00000000000001e8 t isaac::runtime::(anonymous namespace)::OptionsIndex(lua_State*)
0000000000016560 00000000000000dc t isaac::runtime::(anonymous namespace)::IsaacRenderScaledText(lua_State*)
0000000000016640 00000000000000dc t isaac::runtime::(anonymous namespace)::IsaacSaveModData(lua_State*)
0000000000016720 00000000000000dc t isaac::runtime::(anonymous namespace)::IsaacLoadModData(lua_State*)
0000000000016800 00000000000000b0 t isaac::runtime::(anonymous namespace)::ResolveRoom()
00000000000168b0 00000000000000dc t isaac::runtime::(anonymous namespace)::IsaacGetTrinketIdByName(lua_State*)
0000000000016990 00000000000000dc t isaac::runtime::(anonymous namespace)::IsaacGetPersistentGameData(lua_State*)
0000000000016a70 0000000000000144 t isaac::runtime::(anonymous namespace)::IsaacWorldToRenderPosition(lua_State*)
0000000000016bc0 0000000000000118 t isaac::runtime::(anonymous namespace)::IsaacCountBosses(lua_State*)
0000000000016ce0 0000000000000144 t isaac::runtime::(anonymous namespace)::IsaacWorldToScreen(lua_State*)
0000000000016e30 000000000000011c t isaac::runtime::(anonymous namespace)::GlobalGetPtrHash(lua_State*)
0000000000016f50 00000000000002a8 t isaac::runtime::(anonymous namespace)::IsaacGetItemConfig(lua_State*)
0000000000017200 0000000000000160 t isaac::runtime::(anonymous namespace)::ValidatedItem(LuaRuntime::ItemConfigItemHandle const*)
0000000000017360 0000000000000094 t isaac::runtime::(anonymous namespace)::ItemConfigItemIsCollectible(lua_State*)
0000000000017400 00000000000001f4 t isaac::runtime::(anonymous namespace)::ItemConfigItemIsAvailable(lua_State*)
0000000000017600 00000000000000a8 t isaac::runtime::(anonymous namespace)::EntityPlayerGetOtherTwin(lua_State*)
00000000000176b0 00000000000000b0 t isaac::runtime::(anonymous namespace)::EntityPlayerGetSmeltedTrinkets(lua_State*)
0000000000017760 00000000000000b0 t isaac::runtime::(anonymous namespace)::EntityPlayerGetEffects(lua_State*)
0000000000017810 00000000000000c8 t isaac::runtime::(anonymous namespace)::EntityPlayerGetName(lua_State*)
00000000000178e0 00000000000000c8 t isaac::runtime::(anonymous namespace)::EntityPlayerGetMainTwin(lua_State*)
00000000000179b0 00000000000000cc t isaac::runtime::(anonymous namespace)::EntityPlayerGetNumKeys(lua_State*)
0000000000017a80 00000000000000cc t isaac::runtime::(anonymous namespace)::EntityPlayerIsSubPlayer(lua_State*)
0000000000017b50 00000000000000cc t isaac::runtime::(anonymous namespace)::EntityPlayerCanPickRedHearts(lua_State*)
0000000000017c20 00000000000000cc t isaac::runtime::(anonymous namespace)::EntityPlayerHasGoldenBomb(lua_State*)
0000000000017cf0 00000000000000cc t isaac::runtime::(anonymous namespace)::EntityPlayerGetGlyphOfBalanceDrop(lua_State*)
0000000000017dc0 00000000000000cc t isaac::runtime::(anonymous namespace)::EntityPlayerGetModelingClayEffect(lua_State*)
0000000000017e90 00000000000000cc t isaac::runtime::(anonymous namespace)::EntityPlayerGetZodiacEffect(lua_State*)
0000000000017f60 00000000000000cc t isaac::runtime::(anonymous namespace)::EntityPlayerGetPoopSpell(lua_State*)
0000000000018030 00000000000000cc t isaac::runtime::(anonymous namespace)::EntityPlayerGetPoopMana(lua_State*)
0000000000018100 00000000000000cc t isaac::runtime::(anonymous namespace)::EntityPlayerGetBloodCharge(lua_State*)
00000000000181d0 00000000000000cc t isaac::runtime::(anonymous namespace)::EntityPlayerGetSoulCharge(lua_State*)
00000000000182a0 00000000000000cc t isaac::runtime::(anonymous namespace)::EntityPlayerGetHearts(lua_State*)
0000000000018370 00000000000000cc t isaac::runtime::(anonymous namespace)::EntityPlayerGetNumCoins(lua_State*)
0000000000018440 00000000000000cc t isaac::runtime::(anonymous namespace)::EntityPlayerGetNumBombs(lua_State*)
0000000000018510 00000000000000ec t isaac::runtime::(anonymous namespace)::EntityPlayerGetPill(lua_State*)
0000000000018600 00000000000000ec t isaac::runtime::(anonymous namespace)::EntityPlayerGetCard(lua_State*)
00000000000186f0 000000000000010c t isaac::runtime::(anonymous namespace)::EntityPickupIsShopItem(lua_State*)
0000000000018800 00000000000000f0 t isaac::runtime::(anonymous namespace)::EntityPlayerGetPillRNG(lua_State*)
00000000000188f0 00000000000000f0 t isaac::runtime::(anonymous namespace)::EntityPlayerGetCardRNG(lua_State*)
00000000000189e0 00000000000000f4 t isaac::runtime::(anonymous namespace)::EntityPlayerGetTrinketRNG(lua_State*)
0000000000018ae0 00000000000000f0 t isaac::runtime::(anonymous namespace)::EntityPlayerGetCollectibleRNG(lua_State*)
0000000000018bd0 00000000000000f8 t isaac::runtime::(anonymous namespace)::EntityPlayerGetPlayerFormCounter(lua_State*)
0000000000018cd0 00000000000000f8 t isaac::runtime::(anonymous namespace)::EntityPlayerHasPlayerForm(lua_State*)
0000000000018dd0 00000000000000f8 t isaac::runtime::(anonymous namespace)::EntityPlayerHasTrinket(lua_State*)
0000000000018ed0 0000000000000148 t isaac::runtime::(anonymous namespace)::EntityGetSprite(lua_State*)
0000000000019020 00000000000001e8 t isaac::runtime::(anonymous namespace)::EntityToFamiliar(lua_State*)
0000000000019210 00000000000001e8 t isaac::runtime::(anonymous namespace)::EntityToPickup(lua_State*)
0000000000019400 0000000000000178 t isaac::runtime::(anonymous namespace)::EntityToPlayer(lua_State*)
0000000000019580 00000000000001a0 t isaac::runtime::(anonymous namespace)::EntityPlayerGetEffectiveMaxHearts(lua_State*)
0000000000019720 0000000000000258 t isaac::runtime::(anonymous namespace)::ItemConfigIsCollectible(lua_State*)
0000000000019980 00000000000001ac t isaac::runtime::(anonymous namespace)::EntityPlayerGetActiveItem(lua_State*)
0000000000019b30 00000000000002f4 t isaac::runtime::(anonymous namespace)::PushQueryResult(isaac::runtime::(anonymous namespace)::QuerySink*, unsigned long)
0000000000019e30 000000000000029c t isaac::runtime::(anonymous namespace)::ItemConfigGetEntry(lua_State*, unsigned long, unsigned long) [clone .isra.0]
000000000001a0d0 0000000000000038 t isaac::runtime::(anonymous namespace)::ItemConfigGetCollectible(lua_State*)
000000000001a110 0000000000000020 t isaac::runtime::(anonymous namespace)::ItemConfigGetTrinket(lua_State*)
000000000001a130 0000000000000020 t isaac::runtime::(anonymous namespace)::ItemConfigGetCard(lua_State*)
000000000001a150 0000000000000020 t isaac::runtime::(anonymous namespace)::ItemConfigGetPillEffect(lua_State*)
000000000001a170 00000000000001b0 t isaac::runtime::(anonymous namespace)::EntityPlayerGetTrinketMultiplier(lua_State*)
000000000001a320 00000000000001c8 t isaac::runtime::(anonymous namespace)::EntityPlayerGetCollectibleNum(lua_State*)
000000000001a4f0 0000000000000374 t isaac::runtime::(anonymous namespace)::PushLibcxxString(lua_State*, unsigned long, bool)
000000000001a870 00000000000003a4 t isaac::runtime::(anonymous namespace)::ItemConfigItemIndex(lua_State*)
000000000001ac20 000000000000017c t isaac::runtime::(anonymous namespace)::EntityPlayerGetTrinket(lua_State*)
000000000001ada0 00000000000001e4 t isaac::runtime::(anonymous namespace)::EntityPlayerHasCollectible(lua_State*)
000000000001af90 00000000000002f4 t isaac::runtime::(anonymous namespace)::EntityPlayerAddCollectible(lua_State*)
000000000001b290 00000000000002e8 t isaac::runtime::(anonymous namespace)::IsEntityPointer(unsigned long)
000000000001b580 000000000000036c t isaac::runtime::(anonymous namespace)::CaptureEntity(unsigned long, isaac::runtime::(anonymous namespace)::EntitySnapshot*)
000000000001b8f0 000000000000038c t isaac::runtime::(anonymous namespace)::ReadEntityTable(unsigned long, isaac::runtime::(anonymous namespace)::EntityTableSpec const&, isaac::runtime::(anonymous namespace)::EntityTableView*)
000000000001bc80 0000000000000210 t void isaac::runtime::(anonymous namespace)::ForEachEntityInTable<isaac::runtime::(anonymous namespace)::IsaacFindInRadius(lua_State*)::{lambda(unsigned long)#1} const&>(unsigned long, isaac::runtime::(anonymous namespace)::EntityTableSpec const&, isaac::runtime::(anonymous namespace)::IsaacFindInRadius(lua_State*)::{lambda(unsigned long)#1} const&)
000000000001be90 00000000000006cc t isaac::runtime::(anonymous namespace)::IsaacFindInRadius(lua_State*)
000000000001c560 0000000000000138 t void isaac::runtime::(anonymous namespace)::ForEachEntityInTable<isaac::runtime::(anonymous namespace)::IsaacFindByType(lua_State*)::{lambda(unsigned long)#1} const&>(unsigned long, isaac::runtime::(anonymous namespace)::EntityTableSpec const&, isaac::runtime::(anonymous namespace)::IsaacFindByType(lua_State*)::{lambda(unsigned long)#1} const&)
000000000001c6a0 00000000000004cc t isaac::runtime::(anonymous namespace)::IsaacFindByType(lua_State*)
000000000001cb70 0000000000000284 t isaac::runtime::(anonymous namespace)::IsaacCountEnemies(lua_State*)
000000000001ce00 00000000000009cc t isaac::runtime::(anonymous namespace)::PushEntityDataTable(lua_State*, unsigned long) [clone .isra.0]
000000000001d7d0 0000000000000128 t isaac::runtime::(anonymous namespace)::EntityPlayerGetData(lua_State*)
000000000001d900 0000000000000150 t isaac::runtime::(anonymous namespace)::EntityGetData(lua_State*)
000000000001da50 000000000000058c t isaac::runtime::(anonymous namespace)::IsaacGetPlayer(lua_State*)
000000000001dfe0 0000000000000ac4 t isaac::runtime::(anonymous namespace)::PushEntityField(lua_State*, unsigned long, char const*, bool)
000000000001eab0 00000000000003a0 t isaac::runtime::(anonymous namespace)::EntityPickupIndex(lua_State*)
000000000001ee50 00000000000001a8 t isaac::runtime::(anonymous namespace)::EntityIndex(lua_State*)
000000000001f000 00000000000001a8 t isaac::runtime::(anonymous namespace)::EntityPlayerIndex(lua_State*)
000000000001f1b0 000000000000038c t isaac::runtime::ResolveEnginePlayerArray()
000000000001f540 00000000000005b4 t isaac::runtime::FieldApiHandler(lua_State*)
000000000001fb00 00000000000002e8 t isaac::runtime::IsLiveEntityPointer(unsigned long)
000000000001fdf0 00000000000003fc t isaac::runtime::RegisterIsaacApi(lua_State*)
00000000000201f0 00000000000000ac t isaac::runtime::RegisterOptionsTable(lua_State*)
00000000000202a0 00000000000000cc t isaac::runtime::ShouldDispatchManagedCallbacks()
000000000002036c 0000000000000040 t isaac::runtime::(anonymous namespace)::SkipWhitespace(isaac::runtime::(anonymous namespace)::DecodeCursor*)
00000000000203ac 000000000000000c t isaac::runtime::(anonymous namespace)::SinkHeader(isaac::runtime::(anonymous namespace)::ByteSink const*)
00000000000203b8 00000000000000e8 t isaac::runtime::(anonymous namespace)::SinkReserve(isaac::runtime::(anonymous namespace)::ByteSink*, unsigned long)
00000000000204a0 0000000000000054 t isaac::runtime::(anonymous namespace)::AppendRaw(isaac::runtime::(anonymous namespace)::ByteSink*, char const*, unsigned long)
00000000000204f4 0000000000000040 t isaac::runtime::(anonymous namespace)::AppendChar(isaac::runtime::(anonymous namespace)::ByteSink*, char)
0000000000020534 0000000000000184 t isaac::runtime::(anonymous namespace)::AppendEscapedString(isaac::runtime::(anonymous namespace)::ByteSink*, char const*, unsigned long)
00000000000206b8 0000000000000114 t isaac::runtime::(anonymous namespace)::AppendNumber(isaac::runtime::(anonymous namespace)::ByteSink*, lua_State*, int)
00000000000207cc 0000000000000424 t isaac::runtime::(anonymous namespace)::AppendEncodedValue(lua_State*, int, isaac::runtime::(anonymous namespace)::EncodeContext*)
0000000000020bf0 0000000000000010 t isaac::runtime::(anonymous namespace)::FailDecode(lua_State*, isaac::runtime::(anonymous namespace)::DecodeCursor const*, char const*) [clone .isra.0]
0000000000020c00 0000000000000080 t isaac::runtime::(anonymous namespace)::ExpectLiteral(lua_State*, isaac::runtime::(anonymous namespace)::DecodeCursor*, char const*, unsigned long)
0000000000020c80 00000000000000b4 t isaac::runtime::(anonymous namespace)::ReadHexCodeUnit(lua_State*, isaac::runtime::(anonymous namespace)::DecodeCursor*, unsigned int*) [clone .constprop.0]
0000000000020d34 00000000000000a4 t isaac::runtime::(anonymous namespace)::JsonEncode(lua_State*)
0000000000020dd8 0000000000000358 t isaac::runtime::(anonymous namespace)::ParseJsonString(lua_State*, isaac::runtime::(anonymous namespace)::DecodeCursor*, isaac::runtime::(anonymous namespace)::ByteSink*)
0000000000021130 00000000000005a0 t isaac::runtime::(anonymous namespace)::ParseJsonValue(lua_State*, isaac::runtime::(anonymous namespace)::DecodeCursor*, isaac::runtime::(anonymous namespace)::DecodeContext*, bool*)
00000000000216d0 00000000000000d8 t isaac::runtime::(anonymous namespace)::JsonDecode(lua_State*)
00000000000217a8 0000000000000084 t isaac::runtime::RegisterJsonModule(lua_State*)
000000000002182c 0000000000000058 t isaac::runtime::(anonymous namespace)::PersistenceErrorMessage(ModPersistence::Result)
0000000000021884 0000000000000058 t isaac::runtime::(anonymous namespace)::CheckModHandle(lua_State*, int, char const*)
00000000000218dc 0000000000000090 t isaac::runtime::(anonymous namespace)::PushNamedCallbacksTable(lua_State*) [clone .isra.0]
000000000002196c 0000000000000008 t ModPersistence::detail::WriteU32(unsigned char*, unsigned int)
0000000000021974 0000000000000020 t ModPersistence::detail::WriteU64(unsigned char*, unsigned long)
0000000000021994 000000000000002c t ModPersistence::detail::ReadU32(unsigned char const*)
00000000000219c0 000000000000002c t ModPersistence::detail::ReadU64(unsigned char const*)
00000000000219ec 00000000000000b4 t ModPersistence::detail::RecordAt(unsigned char const*, unsigned long, unsigned long, unsigned long*, unsigned long*, unsigned long*, unsigned char*, unsigned long*)
0000000000021aa0 000000000000029c t ModPersistence::detail::LoadCache()
0000000000021d3c 00000000000001ec t ModPersistence::detail::WriteCache(unsigned char const*, unsigned long, unsigned int)
0000000000021f28 0000000000000214 t ModPersistence::detail::Rewrite(unsigned long, char const*, unsigned long, bool)
000000000002213c 0000000000000080 t isaac::runtime::(anonymous namespace)::ModSaveData(lua_State*)
00000000000221bc 0000000000000070 t isaac::runtime::(anonymous namespace)::ModRemoveData(lua_State*)
000000000002222c 0000000000000124 t ModPersistence::LoadModData(unsigned long, char const**, unsigned long*)
0000000000022350 0000000000000090 t isaac::runtime::(anonymous namespace)::ModHasData(lua_State*)
00000000000223e0 000000000000009c t isaac::runtime::(anonymous namespace)::ModLoadData(lua_State*)
000000000002247c 0000000000000020 t isaac::runtime::AttachModMethods(lua_State*)
000000000002249c 00000000000001a4 t isaac::runtime::RegisterNamedCallback(lua_State*, char const*)
0000000000022640 00000000000000a0 t isaac::runtime::PushNamedCallbacks(lua_State*, char const*)
00000000000226e0 0000000000000204 t isaac::runtime::RunNamedCallbacks(lua_State*, char const*, int)
00000000000228e4 0000000000000088 t LuaRuntime::RecordCallbackRegistration(unsigned int, bool)
000000000002296c 00000000000001d4 t isaac::runtime::(anonymous namespace)::ModAddCallback(lua_State*)
0000000000022b40 0000000000000010 t LuaRuntime::RegisteredCallbackKindMaskLow()
0000000000022b50 0000000000000010 t LuaRuntime::RegisteredCallbackKindMaskHigh()
0000000000022b60 0000000000000010 t LuaRuntime::DispatchableCallbackRegistrationCount()
0000000000022b70 0000000000000010 t LuaRuntime::UnhookedCallbackRegistrationCount()
0000000000022b80 0000000000000014 t _GLOBAL__sub_D_mod_api.cpp
0000000000022b94 000000000000008c t isaac::runtime::(anonymous namespace)::MusicResume(lua_State*)
0000000000022c20 000000000000008c t isaac::runtime::(anonymous namespace)::MusicPause(lua_State*)
0000000000022cac 00000000000000ac t isaac::runtime::(anonymous namespace)::MusicGetCurrentMusicId(lua_State*)
0000000000022d58 0000000000000020 t isaac::runtime::AttachMusicMethods(lua_State*)
0000000000022d80 00000000000001a0 t isaac::runtime::AttachOwnerMethods(lua_State*, char const*, isaac::runtime::LuaHandlerBinding const*, unsigned long, isaac::runtime::FieldApiRow const*, unsigned long)
0000000000022f20 000000000000015c t isaac::runtime::(anonymous namespace)::RoomGetGridIndex(lua_State*)
000000000002307c 00000000000001b0 t isaac::runtime::(anonymous namespace)::ItemPoolGetCollectible(lua_State*)
000000000002322c 00000000000000d4 t isaac::runtime::(anonymous namespace)::LevelGetCurrentRoom(lua_State*)
0000000000023300 00000000000000c4 t isaac::runtime::(anonymous namespace)::LevelIsAscent(lua_State*)
00000000000233c4 00000000000000c4 t isaac::runtime::(anonymous namespace)::RoomGetType(lua_State*)
0000000000023488 0000000000000084 t isaac::runtime::(anonymous namespace)::RoomArgumentCountIs(lua_State*, int, char const*) [clone .constprop.0]
000000000002350c 0000000000000044 t isaac::runtime::(anonymous namespace)::RoomGetGridWidth(lua_State*)
0000000000023550 0000000000000044 t isaac::runtime::(anonymous namespace)::RoomGetGridHeight(lua_State*)
0000000000023594 0000000000000044 t isaac::runtime::(anonymous namespace)::RoomGetGridSize(lua_State*)
00000000000235d8 0000000000000054 t isaac::runtime::(anonymous namespace)::(anonymous namespace)::PushRoomDescriptor(lua_State*, unsigned long) [clone .isra.0]
000000000002362c 00000000000000c4 t isaac::runtime::(anonymous namespace)::LevelGetStage(lua_State*)
00000000000236f0 0000000000000094 t isaac::runtime::(anonymous namespace)::RoomGetGridPath(lua_State*)
0000000000023784 0000000000000120 t isaac::runtime::(anonymous namespace)::IsEngineMemoryReadable(unsigned long, unsigned long)
00000000000238a4 0000000000000054 t isaac::runtime::(anonymous namespace)::(anonymous namespace)::ResolveLevelForDescriptor()
00000000000238f8 00000000000000c8 t isaac::runtime::(anonymous namespace)::LevelGetRooms(lua_State*)
00000000000239c0 0000000000000068 t isaac::runtime::(anonymous namespace)::(anonymous namespace)::DescriptorCount(unsigned long)
0000000000023a28 000000000000010c t isaac::runtime::(anonymous namespace)::RoomGetRenderScrollOffset(lua_State*)
0000000000023b34 00000000000000d8 t isaac::runtime::(anonymous namespace)::GridEntityGetRng(lua_State*)
0000000000023c0c 00000000000000a0 t isaac::runtime::(anonymous namespace)::GridEntityGetType(lua_State*)
0000000000023cac 00000000000000a0 t isaac::runtime::(anonymous namespace)::GridEntityGetVariant(lua_State*)
0000000000023d4c 0000000000000124 t isaac::runtime::(anonymous namespace)::ItemPoolIsPillIdentified(lua_State*)
0000000000023e70 00000000000000e8 t isaac::runtime::(anonymous namespace)::ItemPoolGetLastPool(lua_State*)
0000000000023f58 000000000000006c t isaac::runtime::(anonymous namespace)::(anonymous namespace)::ReadDescriptorU32(unsigned long, unsigned long, unsigned int*) [clone .constprop.0]
0000000000023fc4 0000000000000130 t isaac::runtime::(anonymous namespace)::RoomDescriptorListGet(lua_State*)
00000000000240f4 0000000000000084 t isaac::runtime::(anonymous namespace)::(anonymous namespace)::FindDescriptorByGridIndex(unsigned long, unsigned int)
0000000000024178 0000000000000148 t isaac::runtime::(anonymous namespace)::LevelGetRoomByIdx(lua_State*)
00000000000242c0 00000000000000d8 t isaac::runtime::(anonymous namespace)::LevelGetCurrentRoomDesc(lua_State*)
0000000000024398 000000000000008c t isaac::runtime::(anonymous namespace)::ResolveCurrentLevel(unsigned long*) [clone .constprop.0]
0000000000024424 00000000000000c0 t isaac::runtime::(anonymous namespace)::LevelGetCurrentRoomIndex(lua_State*)
00000000000244e4 00000000000000d0 t isaac::runtime::(anonymous namespace)::LevelIsPreAscent(lua_State*)
00000000000245b4 0000000000000228 t isaac::runtime::(anonymous namespace)::RoomGetWorldToScreenPosition(lua_State*)
00000000000247dc 000000000000017c t isaac::runtime::(anonymous namespace)::RoomGetGridEntity(lua_State*)
0000000000024958 000000000000009c t isaac::runtime::(anonymous namespace)::CallGameCurseAccessor(unsigned long, std::array<unsigned char, 16ul> const&, bool*) [clone .constprop.0]
00000000000249f4 00000000000001a0 t isaac::runtime::(anonymous namespace)::LevelGetCurses(lua_State*)
0000000000024b94 0000000000000024 t isaac::runtime::AttachLevelMethods(lua_State*)
0000000000024bb8 000000000000027c t isaac::runtime::RoomDescriptorIndex(lua_State*)
0000000000024e34 0000000000000124 t isaac::runtime::RoomDescriptorListIndex(lua_State*)
0000000000024f58 000000000000003c t isaac::runtime::AttachRoomDescriptorListMethods(lua_State*)
0000000000024f94 0000000000000020 t isaac::runtime::AttachRoomMethods(lua_State*)
0000000000024fb4 0000000000000020 t isaac::runtime::AttachGridEntityMethods(lua_State*)
0000000000024fd4 0000000000000020 t isaac::runtime::AttachItemPoolMethods(lua_State*)
0000000000024ff4 0000000000000020 W bool std::operator==<unsigned char, 16ul>(std::array<unsigned char, 16ul> const&, std::array<unsigned char, 16ul> const&)
0000000000025014 00000000000000d8 t isaac::runtime::(anonymous namespace)::RoomGetFrameCount(lua_State*)
00000000000250ec 00000000000000e8 t isaac::runtime::(anonymous namespace)::LevelIsNextStageAvailable(lua_State*)
00000000000251d4 00000000000000e8 t isaac::runtime::(anonymous namespace)::LevelGetAbsoluteStage(lua_State*)
00000000000252bc 000000000000009c t isaac::runtime::(anonymous namespace)::RngNext(lua_State*)
0000000000025358 0000000000000108 t isaac::runtime::(anonymous namespace)::RngSetSeed(lua_State*)
0000000000025460 0000000000000078 t isaac::runtime::(anonymous namespace)::RngGetSeed(lua_State*)
00000000000254d8 0000000000000020 t isaac::runtime::AttachRngMethods(lua_State*)
00000000000254f8 0000000000000064 t isaac::runtime::(anonymous namespace)::RecordSpriteReplaceSpritesheetForProbe(unsigned int, char const*)
000000000002555c 0000000000000184 t isaac::runtime::(anonymous namespace)::BuildNativeString(char const*, bool)
00000000000256e0 0000000000000048 t isaac::runtime::RecordApiSequence(unsigned int) [clone .part.0]
0000000000025728 00000000000000c4 t isaac::runtime::(anonymous namespace)::ResolveSprite(lua_State*, char const*, void**) [clone .constprop.0]
00000000000257ec 0000000000000178 t isaac::runtime::(anonymous namespace)::SpriteReplaceSpritesheet(lua_State*)
0000000000025964 000000000000012c t isaac::runtime::(anonymous namespace)::SpriteLoad(lua_State*)
0000000000025a90 0000000000000084 t isaac::runtime::(anonymous namespace)::SpriteLoadGraphics(lua_State*)
0000000000025b14 0000000000000114 t isaac::runtime::(anonymous namespace)::SpritePlay(lua_State*)
0000000000025c28 0000000000000110 t isaac::runtime::(anonymous namespace)::SpriteSetAnimation(lua_State*)
0000000000025d38 000000000000013c t isaac::runtime::(anonymous namespace)::SpriteSetFrame(lua_State*)
0000000000025e74 0000000000000098 t isaac::runtime::(anonymous namespace)::SpriteGetFrame(lua_State*)
0000000000025f0c 00000000000000f0 t isaac::runtime::(anonymous namespace)::SpriteSetLayerFrame(lua_State*)
0000000000025ffc 00000000000000c4 t isaac::runtime::(anonymous namespace)::SpriteGetLayerFrame(lua_State*)
00000000000260c0 0000000000000084 t isaac::runtime::(anonymous namespace)::SpriteUpdate(lua_State*)
0000000000026144 00000000000000dc t isaac::runtime::(anonymous namespace)::SpriteIsPlaying(lua_State*)
0000000000026220 00000000000000dc t isaac::runtime::(anonymous namespace)::SpriteIsFinished(lua_State*)
00000000000262fc 00000000000000c8 t isaac::runtime::(anonymous namespace)::SpritePlayRandom(lua_State*)
00000000000263c4 0000000000000078 t isaac::runtime::(anonymous namespace)::PushTexelFallback(lua_State*, unsigned int) [clone .isra.0]
000000000002643c 00000000000000bc t isaac::runtime::(anonymous namespace)::RequireClampVectors(lua_State*, int, LuaRuntime::VectorHandle**, LuaRuntime::VectorHandle**) [clone .isra.0]
00000000000264f8 0000000000000110 t isaac::runtime::(anonymous namespace)::SpriteRenderLayer(lua_State*)
0000000000026608 00000000000000e8 t isaac::runtime::(anonymous namespace)::SpriteRender(lua_State*)
00000000000266f0 0000000000000120 t isaac::runtime::(anonymous namespace)::IsEngineMemoryReadable(unsigned long, unsigned long)
0000000000026810 00000000000000a4 t isaac::runtime::SpriteIsLoaded(lua_State*)
00000000000268b4 0000000000000298 t isaac::runtime::(anonymous namespace)::SpriteGetTexel(lua_State*)
0000000000026b4c 0000000000000134 t isaac::runtime::SpriteGetAnimation(lua_State*)
0000000000026c80 0000000000000088 t isaac::runtime::PushEngineEntitySpriteHandle(lua_State*, void*)
0000000000026d08 00000000000000f8 t isaac::runtime::CreateSpriteHandle(lua_State*)
0000000000026e00 00000000000001e4 t isaac::runtime::SpriteIndex(lua_State*)
0000000000026fe4 00000000000001a0 t isaac::runtime::SpriteNewIndex(lua_State*)
0000000000027184 000000000000006c t isaac::runtime::DestroySpriteHandle(lua_State*)
00000000000271f0 0000000000000020 t isaac::runtime::AttachSpriteMethods(lua_State*)
0000000000027210 0000000000000058 t isaac::runtime::(anonymous namespace)::PushVector(lua_State*, float, float)
0000000000027268 000000000000000c t isaac::runtime::(anonymous namespace)::CheckVector(lua_State*, int)
0000000000027274 00000000000000c4 t isaac::runtime::(anonymous namespace)::VectorLerp(lua_State*)
0000000000027338 0000000000000148 t isaac::runtime::(anonymous namespace)::VectorClamped(lua_State*)
0000000000027480 0000000000000140 t isaac::runtime::(anonymous namespace)::VectorClamp(lua_State*)
00000000000275c0 000000000000008c t isaac::runtime::(anonymous namespace)::VectorCross(lua_State*)
000000000002764c 000000000000008c t isaac::runtime::(anonymous namespace)::VectorDot(lua_State*)
00000000000276d8 0000000000000094 t isaac::runtime::(anonymous namespace)::VectorDistanceSquared(lua_State*)
000000000002776c 0000000000000098 t isaac::runtime::(anonymous namespace)::VectorDistance(lua_State*)
0000000000027804 000000000000007c t isaac::runtime::(anonymous namespace)::VectorLengthSquared(lua_State*)
0000000000027880 00000000000000ac t isaac::runtime::VectorFromAngle(lua_State*)
000000000002792c 00000000000000e0 t isaac::runtime::(anonymous namespace)::VectorRotated(lua_State*)
0000000000027a0c 0000000000000088 t isaac::runtime::(anonymous namespace)::VectorGetAngleDegrees(lua_State*)
0000000000027a94 0000000000000080 t isaac::runtime::(anonymous namespace)::VectorLength(lua_State*)
0000000000027b14 000000000000007c t isaac::runtime::(anonymous namespace)::ScaledTo(LuaRuntime::VectorHandle const&, float)
0000000000027b90 00000000000000b4 t isaac::runtime::(anonymous namespace)::VectorResized(lua_State*)
0000000000027c44 0000000000000088 t isaac::runtime::(anonymous namespace)::VectorResize(lua_State*)
0000000000027ccc 0000000000000094 t isaac::runtime::(anonymous namespace)::VectorNormalized(lua_State*)
0000000000027d60 0000000000000064 t isaac::runtime::(anonymous namespace)::VectorNormalize(lua_State*)
0000000000027dc4 0000000000000004 t isaac::runtime::PushLuaVector(lua_State*, float, float)
0000000000027dc8 00000000000000ec t isaac::runtime::CreateVectorHandle(lua_State*)
0000000000027eb4 0000000000000188 t isaac::runtime::VectorIndex(lua_State*)
000000000002803c 0000000000000110 t isaac::runtime::VectorNewIndex(lua_State*)
000000000002814c 0000000000000050 t isaac::runtime::VectorAdd(lua_State*)
000000000002819c 0000000000000050 t isaac::runtime::VectorSub(lua_State*)
00000000000281ec 0000000000000080 t isaac::runtime::VectorMul(lua_State*)
000000000002826c 000000000000007c t isaac::runtime::VectorDiv(lua_State*)
00000000000282e8 000000000000003c t isaac::runtime::VectorUnaryMinus(lua_State*)
0000000000028324 0000000000000080 t isaac::runtime::VectorEqual(lua_State*)
00000000000283a4 0000000000000054 t isaac::runtime::VectorToString(lua_State*)
00000000000283f8 00000000000000b8 t isaac::runtime::VectorClassIndex(lua_State*)
00000000000284b0 0000000000000020 t isaac::runtime::AttachVectorMethods(lua_State*)
00000000000284d0 000000000000006c t ModPersistence::detail::RawFilePort::Open(std::basic_string_view<char, std::char_traits<char> >, isaac::runtime::FileMode, void**)
000000000002853c 000000000000005c t ModPersistence::detail::RawFilePort::Read(void*, unsigned char*, unsigned long, unsigned long*)
0000000000028598 000000000000005c t ModPersistence::detail::RawFilePort::Write(void*, unsigned char const*, unsigned long, unsigned long*)
00000000000285f4 000000000000003c t ModPersistence::detail::RawFilePort::Close(void*)
0000000000028630 00000000000000cc t (anonymous namespace)::WriteDiagnosticsGate(unsigned int)
00000000000286fc 0000000000000060 t (anonymous namespace)::SaltyNxDiagnosticFilePort::Read(void*, unsigned char*, unsigned long, unsigned long*)
000000000002875c 0000000000000060 t (anonymous namespace)::SaltyNxDiagnosticFilePort::Write(void*, unsigned char const*, unsigned long, unsigned long*)
00000000000287bc 0000000000000040 t (anonymous namespace)::SaltyNxDiagnosticFilePort::Close(void*)
00000000000287fc 0000000000000004 t (anonymous namespace)::SaltyNxDiagnosticFilePort::~SaltyNxDiagnosticFilePort()
00000000000287fc 0000000000000004 t (anonymous namespace)::SaltyNxDiagnosticFilePort::~SaltyNxDiagnosticFilePort()
0000000000028800 0000000000000004 t ModPersistence::detail::RawFilePort::~RawFilePort()
0000000000028800 0000000000000004 t ModPersistence::detail::RawFilePort::~RawFilePort()
0000000000028804 0000000000000008 t ModPersistence::detail::RawFilePort::~RawFilePort()
000000000002880c 0000000000000008 t (anonymous namespace)::SaltyNxDiagnosticFilePort::~SaltyNxDiagnosticFilePort()
0000000000028814 0000000000000044 T IsaacModRuntime_GetRuntimeIdentity
0000000000028858 0000000000000014 t std::__atomic_base<unsigned int>::operator++() [clone .isra.0]
000000000002886c 00000000000000b0 t isaac::runtime::DiagnosticEventBus<4ul>::Publish(isaac::runtime::DiagnosticEvent const&) [clone .isra.0]
000000000002891c 00000000000000b0 t (anonymous namespace)::SaltyNxDiagnosticFilePort::Open(std::basic_string_view<char, std::char_traits<char> >, isaac::runtime::FileMode, void**)
00000000000289cc 0000000000000180 t isaac::runtime::DiagnosticSession::AttachFilePort(isaac::runtime::IFilePort&, std::basic_string_view<char, std::char_traits<char> >)
0000000000028b4c 000000000000000c t IsaacModRuntime_PublishRuntimeSelf
0000000000028b58 0000000000000084 T IsaacModRuntime_GetDiagnosticsState
0000000000028bdc 0000000000000044 t EnsureThreadTlsPointer()
0000000000028c20 0000000000000004 t IsaacModRuntime_EnsureThreadTls
0000000000028c24 0000000000000048 T IsaacModRuntime_SetPluginNote
0000000000028c6c 0000000000000018 T IsaacModRuntime_GetFileApiSlot
0000000000028c84 00000000000000b0 T IsaacModRuntime_GetSelfJournalState
0000000000028d34 0000000000000184 t isaac::runtime::BoundedFileJournal<4ul>::Flush()
0000000000028eb8 00000000000001fc t TryAttachDiagnostics()
00000000000290b4 0000000000000004 t IsaacModRuntime_TryAttachDiagnostics
00000000000290b8 0000000000000014 t _GLOBAL__sub_D_saltynx_runtime_bridge.cpp
00000000000290cc 0000000000000118 T IsaacModRuntime_RegisterSaltyFileApi
00000000000291f0 0000000000000030 t TestRunObserver::Mark(TestRunObserver::State, unsigned int)
0000000000029220 0000000000000010 t TestRunObserver::MarkDiagnosticsAttach(unsigned int)
0000000000029230 000000000000011c T IsaacModRuntime_GetTestRunSnapshot
000000000002934c 00000000000000a0 t index2addr
00000000000293ec 0000000000000008 t growstack
00000000000293f4 00000000000000a8 t auxgetstr
000000000002949c 00000000000000dc t auxsetstr
0000000000029578 000000000000000c t f_call
0000000000029584 00000000000000bc t aux_upvalue.constprop.0
0000000000029640 0000000000000020 t reverse.isra.0
0000000000029660 00000000000000a4 t lua_checkstack
0000000000029704 0000000000000044 t lua_xmove
0000000000029748 0000000000000010 t lua_atpanic
0000000000029758 000000000000001c t lua_version
0000000000029774 0000000000000034 t lua_absindex
00000000000297a8 000000000000001c t lua_gettop
00000000000297c4 0000000000000048 t lua_settop
000000000002980c 0000000000000058 t lua_rotate
0000000000029864 000000000000007c t lua_copy
00000000000298e0 000000000000002c t lua_pushvalue
000000000002990c 0000000000000034 t lua_type
0000000000029940 0000000000000014 t lua_typename
0000000000029954 0000000000000020 t lua_isinteger
0000000000029974 0000000000000030 t lua_isnumber
00000000000299a4 0000000000000028 t lua_isstring
00000000000299cc 000000000000005c t lua_rawequal
0000000000029a28 0000000000000094 t lua_compare
0000000000029abc 0000000000000038 t lua_stringtonumber
0000000000029af4 0000000000000058 t lua_tonumberx
0000000000029b4c 000000000000005c t lua_tointegerx
0000000000029ba8 000000000000003c t lua_toboolean
0000000000029be4 00000000000000b8 t lua_tolstring
0000000000029c9c 000000000000007c t lua_rawlen
0000000000029d18 0000000000000044 t lua_touserdata
0000000000029d5c 000000000000002c t lua_tothread
0000000000029d88 0000000000000068 t lua_topointer
0000000000029df0 0000000000000014 t lua_pushnil
0000000000029e04 000000000000001c t lua_pushnumber
0000000000029e20 000000000000001c t lua_pushinteger
0000000000029e3c 0000000000000070 t lua_pushlstring
0000000000029eac 0000000000000070 t lua_pushstring
0000000000029f1c 0000000000000050 t lua_pushvfstring
0000000000029f6c 0000000000000090 t lua_pushfstring
0000000000029ffc 00000000000000ac t lua_pushcclosure
000000000002a0a8 0000000000000024 t lua_pushboolean
000000000002a0cc 000000000000001c t lua_pushlightuserdata
000000000002a0e8 000000000000002c t lua_pushthread
000000000002a114 000000000000003c t lua_getglobal
000000000002a150 0000000000000084 t lua_gettable
000000000002a1d4 0000000000000028 t lua_getfield
000000000002a1fc 00000000000000a0 t lua_geti
000000000002a29c 0000000000000044 t lua_rawget
000000000002a2e0 0000000000000050 t lua_rawgeti
000000000002a330 0000000000000084 t lua_createtable
000000000002a3b4 000000000000007c t lua_getmetatable
000000000002a430 000000000000003c t lua_getuservalue
000000000002a46c 000000000000003c t lua_setglobal
000000000002a4a8 0000000000000028 t lua_setfield
000000000002a4d0 00000000000000d0 t lua_seti
000000000002a5a0 0000000000000088 t lua_rawset
000000000002a628 000000000000007c t lua_rawseti
000000000002a6a4 00000000000000c8 t lua_setmetatable
000000000002a76c 0000000000000068 t lua_setuservalue
000000000002a7d4 000000000000007c t lua_callk
000000000002a850 0000000000000100 t lua_pcallk
000000000002a950 00000000000000bc t lua_load
000000000002aa0c 0000000000000030 t lua_dump
000000000002aa3c 0000000000000008 t lua_status
000000000002aa44 0000000000000144 t lua_gc
000000000002ab88 000000000000000c t lua_error
000000000002ab94 000000000000004c t lua_next
000000000002abe0 0000000000000080 t lua_concat
000000000002ac60 000000000000003c t lua_len
000000000002ac9c 000000000000001c t lua_getallocf
000000000002acb8 0000000000000058 t lua_newuserdata
000000000002ad10 00000000000000c0 t lua_setupvalue
000000000002add0 0000000000000018 t getS
000000000002ade8 0000000000000114 t findfield
000000000002aefc 00000000000000f0 t pushglobalfuncname
000000000002afec 0000000000000068 t getF
000000000002b054 0000000000000058 t panic
000000000002b0ac 0000000000000028 t l_alloc
000000000002b0d4 00000000000000b8 t skipcomment
000000000002b18c 0000000000000084 t errfile.isra.0
000000000002b210 0000000000000070 t luaL_where
000000000002b280 0000000000000098 t luaL_error
000000000002b318 00000000000000f8 t luaL_argerror
000000000002b410 0000000000000098 t resizebox
000000000002b4a8 0000000000000020 t boxgc
000000000002b4c8 000000000000009c t luaL_newmetatable
000000000002b564 000000000000008c t luaL_testudata
000000000002b5f0 0000000000000060 t luaL_checkstack
000000000002b650 0000000000000048 t luaL_checkany
000000000002b698 0000000000000120 t luaL_prepbuffsize
000000000002b7b8 0000000000000054 t luaL_addlstring
000000000002b80c 0000000000000034 t luaL_addstring
000000000002b840 000000000000006c t luaL_pushresult
000000000002b8ac 0000000000000010 t luaL_pushresultsize
000000000002b8bc 0000000000000094 t luaL_addvalue
000000000002b950 0000000000000014 t luaL_buffinit
000000000002b964 0000000000000020 t luaL_buffinitsize
000000000002b984 00000000000000d8 t luaL_ref
000000000002ba5c 0000000000000070 t luaL_unref
000000000002bacc 00000000000001c4 t luaL_loadfilex
000000000002bc90 0000000000000024 t luaL_loadbufferx
000000000002bcb4 0000000000000080 t luaL_getmetafield
000000000002bd34 00000000000000b0 t typeerror.isra.0
000000000002bde4 0000000000000034 t tag_error
000000000002be18 0000000000000044 t luaL_checktype
000000000002be5c 0000000000000040 t luaL_checklstring
000000000002be9c 0000000000000078 t luaL_optlstring
000000000002bf14 000000000000009c t luaL_checkoption
000000000002bfb0 0000000000000040 t luaL_checknumber
000000000002bff0 0000000000000054 t luaL_optnumber
000000000002c044 0000000000000078 t luaL_checkinteger
000000000002c0bc 0000000000000048 t luaL_optinteger
000000000002c104 0000000000000044 t luaL_checkudata
000000000002c148 0000000000000064 t luaL_callmeta
000000000002c1ac 000000000000005c t luaL_len
000000000002c208 0000000000000158 t luaL_tolstring
000000000002c360 00000000000000a0 t luaL_setfuncs
000000000002c400 000000000000008c t luaL_getsubtable
000000000002c48c 0000000000000104 t luaL_requiref
000000000002c590 0000000000000040 t luaL_newstate
000000000002c5d0 00000000000000a8 t luaL_checkversion_
000000000002c678 0000000000000018 t dofilecont
000000000002c690 0000000000000060 t luaB_type
000000000002c6f0 0000000000000030 t luaB_tostring
000000000002c720 00000000000000b8 t luaB_select
000000000002c7d8 00000000000000a4 t luaB_setmetatable
000000000002c87c 000000000000005c t luaB_rawset
000000000002c8d8 0000000000000050 t luaB_rawget
000000000002c928 0000000000000060 t luaB_rawlen
000000000002c988 0000000000000050 t luaB_rawequal
000000000002c9d8 0000000000000134 t luaB_print
000000000002cb0c 0000000000000054 t luaB_ipairs
000000000002cb60 0000000000000058 t luaB_next
000000000002cbb8 00000000000000cc t generic_reader
000000000002cc84 0000000000000054 t ipairsaux
000000000002ccd8 000000000000007c t luaB_error
000000000002cd54 00000000000000d4 t luaB_collectgarbage
000000000002ce28 0000000000000050 t finishpcall
000000000002ce78 0000000000000088 t luaB_xpcall
000000000002cf00 0000000000000074 t luaB_pcall
000000000002cf74 000000000000006c t load_aux
000000000002cfe0 00000000000000fc t luaB_load
000000000002d0dc 000000000000008c t luaB_loadfile
000000000002d168 0000000000000058 t luaB_getmetatable
000000000002d1c0 0000000000000088 t luaB_dofile
000000000002d248 0000000000000080 t luaB_assert
000000000002d2c8 00000000000001f4 t luaB_tonumber
000000000002d4bc 0000000000000094 t luaB_pairs
000000000002d550 0000000000000088 t luaopen_base
000000000002d5d8 000000000000015c t addk
000000000002d734 0000000000000020 t freereg
000000000002d754 0000000000000064 t freeexps
000000000002d7b8 0000000000000054 t fixjump
000000000002d80c 0000000000000018 t freeexp
000000000002d824 0000000000000030 t getjumpcontrol.isra.0
000000000002d854 0000000000000068 t patchtestreg.isra.0
000000000002d8bc 0000000000000030 t negatecondition.isra.0
000000000002d8ec 0000000000000024 t getjump.isra.0
000000000002d910 000000000000008c t patchlistaux
000000000002d99c 00000000000000e4 t luaK_code
000000000002da80 000000000000006c t need_value
000000000002daec 0000000000000050 t removevalues
000000000002db3c 00000000000001b0 t constfolding
000000000002dcec 0000000000000064 t luaK_concat
000000000002dd50 000000000000004c t luaK_jump
000000000002dd9c 0000000000000010 t luaK_getlabel
000000000002ddac 0000000000000014 t luaK_patchtohere
000000000002ddc0 000000000000001c t luaK_patchlist
000000000002dddc 0000000000000054 t luaK_patchclose
000000000002de30 0000000000000014 t luaK_codeABC
000000000002de44 0000000000000098 t luaK_nil
000000000002dedc 0000000000000014 t luaK_ret
000000000002def0 000000000000000c t luaK_codeABx
000000000002defc 000000000000006c t luaK_codek
000000000002df68 0000000000000040 t luaK_checkstack
000000000002dfa8 0000000000000030 t luaK_reserveregs
000000000002dfd8 000000000000002c t luaK_stringK
000000000002e004 0000000000000034 t luaK_intK
000000000002e038 0000000000000070 t luaK_setreturns
000000000002e0a8 0000000000000064 t luaK_setoneret
000000000002e10c 00000000000000c0 t luaK_dischargevars
000000000002e1cc 0000000000000130 t discharge2reg
000000000002e2fc 0000000000000148 t exp2reg
000000000002e444 00000000000000c0 t jumponcond
000000000002e504 0000000000000048 t luaK_exp2nextreg
000000000002e54c 0000000000000070 t luaK_exp2anyreg
000000000002e5bc 0000000000000020 t luaK_exp2anyregup
000000000002e5dc 0000000000000014 t luaK_exp2val
000000000002e5f0 00000000000000f8 t luaK_exp2RK
000000000002e6e8 00000000000000b8 t luaK_storevar
000000000002e7a0 0000000000000088 t luaK_self
000000000002e828 0000000000000098 t luaK_goiftrue
000000000002e8c0 0000000000000084 t luaK_goiffalse
000000000002e944 000000000000004c t luaK_indexed
000000000002e990 0000000000000064 t luaK_infix
000000000002e9f4 0000000000000018 t luaK_fixline
000000000002ea0c 0000000000000180 t luaK_prefix
000000000002eb8c 0000000000000094 t codebinexpval
000000000002ec20 00000000000001f0 t luaK_posfix
000000000002ee10 0000000000000090 t luaK_setlist
000000000002eea0 0000000000000030 t luaB_yieldable
000000000002eed0 0000000000000030 t luaB_yield
000000000002ef00 00000000000000fc t auxresume
000000000002effc 0000000000000030 t luaB_corunning
000000000002f02c 0000000000000054 t luaB_cocreate
000000000002f080 0000000000000038 t luaB_cowrap
000000000002f0b8 0000000000000094 t luaB_auxwrap
000000000002f14c 0000000000000044 t getco
000000000002f190 0000000000000098 t luaB_costatus
000000000002f228 0000000000000088 t luaB_coresume
000000000002f2b0 0000000000000058 t luaopen_coroutine
000000000002f308 0000000000000024 t currentpc
000000000002f32c 0000000000000034 t currentline
000000000002f360 0000000000000030 t swapextra
000000000002f390 00000000000002dc t getobjname
000000000002f66c 0000000000000070 t kname
000000000002f6dc 00000000000000f4 t varinfo
000000000002f7d0 0000000000000040 t lua_getstack
000000000002f810 00000000000003e0 t lua_getinfo
000000000002fbf0 0000000000000064 t luaG_addinfo
000000000002fc54 0000000000000054 t luaG_errormsg
000000000002fca8 00000000000000a8 t luaG_runerror
000000000002fd50 000000000000004c t luaG_typeerror
000000000002fd9c 0000000000000028 t luaG_concaterror
000000000002fdc4 0000000000000058 t luaG_opinterror
000000000002fe1c 000000000000006c t luaG_tointerror
000000000002fe88 0000000000000064 t luaG_ordererror
000000000002feec 000000000000013c t luaG_traceexec
0000000000030030 00000000000000f8 t luaD_throw
0000000000030130 0000000000000048 t resume_error
0000000000030180 0000000000000114 t f_parser
00000000000302a0 0000000000000068 t luaD_rawrunprotected
0000000000030310 0000000000000120 t luaD_reallocstack
0000000000030430 000000000000002c t luaD_growstack.part.0
0000000000030460 0000000000000064 t luaD_growstack
00000000000304d0 00000000000000b8 t luaD_shrinkstack
0000000000030590 0000000000000094 t luaD_inctop
0000000000030630 0000000000000124 t luaD_hook
0000000000030760 0000000000000408 t unroll
0000000000030b70 0000000000000064 t luaD_rawrunprotected.constprop.0
0000000000030be0 00000000000002a8 t luaD_poscall
0000000000030e90 0000000000000534 t luaD_precall
00000000000313d0 0000000000000110 t resume
00000000000314e0 0000000000000090 t luaD_call
0000000000031570 0000000000000094 t luaD_callnoyield
0000000000031610 0000000000000284 t lua_resume
00000000000318a0 0000000000000010 t lua_isyieldable
00000000000318b0 0000000000000098 t lua_yieldk
0000000000031950 000000000000018c t luaD_pcall
0000000000031ae0 0000000000000244 t luaD_protectedparser
0000000000031d24 0000000000000040 t DumpBlock
0000000000031d64 0000000000000024 t DumpByte
0000000000031d88 0000000000000024 t DumpInt
0000000000031dac 0000000000000088 t DumpString
0000000000031e34 00000000000002ec t DumpFunction
0000000000032120 0000000000000104 t luaU_dump
0000000000032224 0000000000000034 t luaF_newCclosure
0000000000032258 0000000000000058 t luaF_newLclosure
00000000000322b0 0000000000000074 t luaF_initupvals
0000000000032324 000000000000009c t luaF_findupval
00000000000323c0 0000000000000078 t luaF_close
0000000000032438 000000000000003c t luaF_newproto
0000000000032474 00000000000000bc t luaF_freeproto
0000000000032530 0000000000000058 t luaF_getlocalname
0000000000032590 0000000000000218 t reallymarkobject
00000000000327b0 0000000000000170 t GCTM
0000000000032920 0000000000000010 t dothecall
0000000000032930 000000000000016c t freeobj
0000000000032aa0 0000000000000144 t clearkeys.constprop.0
0000000000032bf0 000000000000014c t clearvalues
0000000000032d40 00000000000001d4 t traverseephemeron
0000000000032f20 0000000000000760 t propagatemark
0000000000033680 0000000000000d7c t singlestep
0000000000034400 0000000000000244 t luaC_barrier_
0000000000034650 0000000000000020 t luaC_barrierback_
0000000000034670 000000000000002c t luaC_upvalbarrier_
00000000000346a0 0000000000000028 t luaC_fix
00000000000346d0 000000000000004c t luaC_newobj
0000000000034720 0000000000000160 t luaC_checkfinalizer
0000000000034880 0000000000000214 t luaC_freeallobjects
0000000000034aa0 000000000000018c t luaC_step
0000000000034c30 00000000000001bc t luaC_fullgc
0000000000034dec 0000000000000064 t check_next1
0000000000034e50 000000000000007c t luaX_init
0000000000034ecc 000000000000004c t luaX_token2str
0000000000034f18 0000000000000098 t lexerror
0000000000034fb0 000000000000007c t save
000000000003502c 00000000000000b8 t skip_sep
00000000000350e4 0000000000000080 t check_next2
0000000000035164 00000000000000c0 t inclinenumber
0000000000035224 000000000000006c t esccheck
0000000000035290 0000000000000080 t gethexa
0000000000035310 0000000000000178 t read_numeral
0000000000035488 0000000000000010 t luaX_syntaxerror
0000000000035498 00000000000000a0 t luaX_newstring
0000000000035538 00000000000001b8 t read_long_string
00000000000356f0 0000000000000ae8 t llex
00000000000361d8 000000000000007c t luaX_setinput
0000000000036254 0000000000000050 t luaX_next
00000000000362a4 0000000000000028 t luaX_lookahead
00000000000362cc 0000000000000034 t math_rad
0000000000036300 0000000000000034 t math_deg
0000000000036334 000000000000002c t math_tan
0000000000036360 000000000000002c t math_sqrt
000000000003638c 000000000000002c t math_sin
00000000000363b8 0000000000000028 t math_randomseed
00000000000363e0 000000000000013c t math_random
000000000003651c 000000000000008c t math_min
00000000000365a8 0000000000000088 t math_max
0000000000036630 00000000000000bc t math_log
00000000000366ec 0000000000000048 t math_ult
0000000000036734 00000000000000d8 t math_fmod
000000000003680c 000000000000002c t math_exp
0000000000036838 000000000000002c t math_cos
0000000000036864 0000000000000058 t math_atan
00000000000368bc 000000000000002c t math_asin
00000000000368e8 000000000000002c t math_acos
0000000000036914 0000000000000038 t pushnumint
000000000003694c 000000000000006c t math_type
00000000000369b8 0000000000000050 t math_ceil
0000000000036a08 0000000000000088 t math_modf
0000000000036a90 0000000000000050 t math_floor
0000000000036ae0 0000000000000058 t math_toint
0000000000036b38 0000000000000068 t math_abs
0000000000036ba0 00000000000000e0 t luaopen_math
0000000000036c80 0000000000000014 t luaM_toobig
0000000000036c94 00000000000000a0 t luaM_realloc_
0000000000036d34 0000000000000084 t luaM_growaux_
0000000000036db8 0000000000000094 t intarith
0000000000036e4c 0000000000000068 t l_str2dloc
0000000000036eb4 0000000000000038 t pushstr
0000000000036eec 0000000000000090 t numarith.isra.0
0000000000036f7c 000000000000004c t luaO_int2fb
0000000000036fc8 0000000000000020 t luaO_fb2int
0000000000036fe8 0000000000000030 t luaO_ceillog2
0000000000037018 00000000000001f4 t luaO_arith
000000000003720c 0000000000000028 t luaO_hexavalue
0000000000037234 0000000000000230 t luaO_str2num
0000000000037464 0000000000000064 t luaO_utf8esc
00000000000374c8 00000000000000cc t luaO_tostring
0000000000037594 0000000000000064 t luaO_pushfstring
00000000000375f8 00000000000003f8 t luaO_pushvfstring
00000000000379f0 0000000000000174 t luaO_chunkid
0000000000037b64 0000000000000028 t getlocvar
0000000000037b8c 000000000000002c t testnext
0000000000037bb8 00000000000000a0 t newlabelentry
0000000000037c58 0000000000000084 t checklimit
0000000000037cdc 0000000000000108 t newupvalue
0000000000037de4 0000000000000024 t enterlevel
0000000000037e08 0000000000000138 t new_localvar
0000000000037f40 0000000000000028 t new_localvarliteral_
0000000000037f68 0000000000000038 t error_expected
0000000000037fa0 000000000000001c t checknext
0000000000037fbc 00000000000000a0 t check_match
000000000003805c 000000000000002c t block_follow.isra.0
0000000000038088 00000000000000a8 t adjust_assign.isra.0
0000000000038130 0000000000000124 t singlevaraux
0000000000038254 000000000000004c t adjustlocalvars.isra.0
00000000000382a0 0000000000000038 t str_checkname
00000000000382d8 0000000000000044 t checkname
000000000003831c 0000000000000060 t fieldsel
000000000003837c 0000000000000094 t singlevar
0000000000038410 00000000000000cc t closegoto.isra.0
00000000000384dc 00000000000000d4 t findlabel
00000000000385b0 0000000000000080 t gotostat
0000000000038630 0000000000000084 t findgotos
00000000000386b4 00000000000001e8 t leaveblock
000000000003889c 000000000000015c t close_func
00000000000389f8 000000000000089c t statement
0000000000039294 0000000000000050 t statlist
00000000000392e4 0000000000000294 t body
0000000000039578 00000000000003fc t subexpr
0000000000039974 0000000000000008 t expr
000000000003997c 0000000000000044 t yindex
00000000000399c0 00000000000000dc t recfield
0000000000039a9c 0000000000000064 t explist
0000000000039b00 0000000000000040 t cond
0000000000039b40 0000000000000028 t exp1.isra.0
0000000000039b68 0000000000000250 t constructor
0000000000039db8 0000000000000154 t funcargs
0000000000039f0c 0000000000000158 t suffixedexp
000000000003a064 00000000000001e4 t assignment
000000000003a248 0000000000000054 t block
000000000003a29c 0000000000000150 t forbody
000000000003a3ec 000000000000003c t skipnoopstat
000000000003a428 000000000000014c t test_then_block
000000000003a574 00000000000001ac t luaY_parser
000000000003a720 0000000000000080 t stack_init
000000000003a7a0 00000000000000d4 t f_luaopen
000000000003a874 0000000000000024 t luaE_setdebt
000000000003a898 0000000000000044 t luaE_extendCI
000000000003a8dc 0000000000000054 t luaE_freeCI
000000000003a930 000000000000003c t freestack.part.0
000000000003a96c 0000000000000070 t close_state
000000000003a9dc 0000000000000178 t lua_newstate
000000000003ab54 0000000000000064 t luaE_shrinkCI
000000000003abb8 00000000000000f0 t lua_newthread
000000000003aca8 0000000000000050 t luaE_freethread
000000000003acf8 000000000000000c t lua_close
000000000003ad04 000000000000004c t luaS_eqlngstr
000000000003ad50 000000000000003c t luaS_hash
000000000003ad8c 0000000000000044 t luaS_hashlongstr
000000000003add0 00000000000000dc t luaS_resize
000000000003aeac 0000000000000148 t internshrstr
000000000003aff4 0000000000000048 t luaS_clearcache
000000000003b03c 0000000000000064 t luaS_init
000000000003b0a0 0000000000000044 t luaS_createlngstrobj
000000000003b0e4 0000000000000048 t luaS_remove
000000000003b12c 0000000000000060 t luaS_newlstr
000000000003b18c 00000000000000ac t luaS_new
000000000003b238 0000000000000058 t luaS_newudata
000000000003b290 0000000000000114 t match_class
000000000003b3a4 000000000000011c t matchbracketclass
000000000003b4c0 0000000000000038 t str_len
000000000003b4f8 0000000000000110 t unpackint
000000000003b608 00000000000000d4 t classend
000000000003b6dc 00000000000000c0 t packint
000000000003b79c 000000000000001c t writer
000000000003b7b8 00000000000000a4 t str_upper
000000000003b85c 0000000000000088 t str_reverse
000000000003b8e4 00000000000000a4 t str_lower
000000000003b988 0000000000000148 t str_rep
000000000003bad0 00000000000000a4 t gmatch
000000000003bb74 00000000000000b8 t str_char
000000000003bc2c 0000000000000068 t addlenmod
000000000003bc94 00000000000006ac t str_format
000000000003c340 000000000000009c t str_dump
000000000003c3dc 0000000000000018 t posrelat
000000000003c3f4 00000000000000f8 t str_byte
000000000003c4ec 00000000000000ac t str_sub
000000000003c598 0000000000000060 t getnum
000000000003c5f8 0000000000000050 t getnumlimit
000000000003c648 00000000000001a8 t getoption
000000000003c7f0 00000000000000fc t getdetails
000000000003c8ec 00000000000000e4 t str_packsize
000000000003c9d0 0000000000000058 t copywithendian
000000000003ca28 000000000000026c t str_unpack
000000000003cc94 0000000000000424 t str_pack
000000000003d0b8 00000000000000a8 t push_onecapture
000000000003d160 0000000000000084 t push_captures
000000000003d1e4 000000000000005c t singlematch.isra.0
000000000003d240 000000000000041c t match
000000000003d65c 000000000000007c t start_capture
000000000003d6d8 0000000000000268 t str_find_aux
000000000003d940 0000000000000008 t str_match
000000000003d948 0000000000000008 t str_find
000000000003d950 0000000000000418 t str_gsub
000000000003dd68 00000000000000a0 t gmatch_aux
000000000003de08 00000000000000c8 t luaopen_string
000000000003ded0 00000000000001a0 t mainposition
000000000003e070 000000000000005c t getgeneric
000000000003e0cc 000000000000005c t countint
000000000003e128 000000000000016c t luaH_next
000000000003e294 0000000000000038 t luaH_new
000000000003e2cc 0000000000000074 t luaH_free
000000000003e340 0000000000000070 t luaH_getint
000000000003e3b0 0000000000000058 t luaH_getshortstr
000000000003e408 0000000000000038 t luaH_getstr
000000000003e440 00000000000000a0 t luaH_get
000000000003e4e0 0000000000000064 t luaH_setint
000000000003e544 0000000000000200 t luaH_resize
000000000003e744 000000000000002c t luaH_resizearray
000000000003e770 0000000000000328 t luaH_newkey
000000000003ea98 0000000000000064 t luaH_set
000000000003eafc 0000000000000114 t luaH_getn
000000000003ec10 0000000000000038 t set2
000000000003ec48 00000000000000dc t unpack
000000000003ed24 0000000000000094 t pack
000000000003edb8 0000000000000078 t addfield
000000000003ee30 00000000000000b4 t sort_comp
000000000003eee4 000000000000031c t auxsort
000000000003f200 00000000000000fc t checktab
000000000003f2fc 00000000000000a8 t sort
000000000003f3a4 0000000000000194 t tmove
000000000003f538 00000000000000f8 t tremove
000000000003f630 00000000000000ec t tinsert
000000000003f71c 0000000000000114 t tconcat
000000000003f830 0000000000000058 t luaopen_table
000000000003f888 0000000000000068 t luaT_init
000000000003f8f0 0000000000000048 t luaT_gettm
000000000003f938 0000000000000064 t luaT_gettmbyobj
000000000003f99c 0000000000000094 t luaT_objtypename
000000000003fa30 00000000000000b4 t luaT_callTM
000000000003fae4 0000000000000080 t luaT_callbinTM
000000000003fb64 00000000000000ec t luaT_trybinTM
000000000003fc50 000000000000005c t luaT_callorderTM
000000000003fcac 0000000000000034 t error
000000000003fce0 0000000000000038 t LoadBlock
000000000003fd18 0000000000000020 t LoadByte
000000000003fd38 0000000000000020 t LoadInt
000000000003fd58 0000000000000064 t checkliteral
000000000003fdbc 00000000000000a8 t LoadString
000000000003fe64 0000000000000054 t fchecksize
000000000003feb8 00000000000003dc t LoadFunction
0000000000040294 00000000000001dc t luaU_undump
0000000000040470 0000000000000090 t utf8_decode
0000000000040500 0000000000000058 t iter_codes
0000000000040558 00000000000000d0 t iter_aux
0000000000040628 0000000000000058 t pushutfchar
0000000000040680 0000000000000098 t utfchar
0000000000040718 0000000000000018 t u_posrelat
0000000000040730 000000000000010c t utflen
000000000004083c 000000000000015c t byteoffset
0000000000040998 0000000000000148 t codepoint
0000000000040ae0 0000000000000080 t luaopen_utf8
0000000000040b60 0000000000000100 t luaV_tointeger.constprop.0
0000000000040c60 00000000000000bc t luaV_tonumber_
0000000000040d20 000000000000011c t luaV_tointeger
0000000000040e40 0000000000000140 t luaV_finishget
0000000000040f80 000000000000020c t luaV_finishset
0000000000041190 0000000000000258 t luaV_lessthan
00000000000413f0 0000000000000288 t luaV_lessequal
0000000000041680 00000000000002b0 t luaV_equalobj
0000000000041930 00000000000003ac t luaV_concat
0000000000041ce0 0000000000000124 t luaV_objlen
0000000000041e10 0000000000000054 t luaV_div
0000000000041e70 0000000000000054 t luaV_mod
0000000000041ed0 0000000000000028 t luaV_shiftl
0000000000041f00 0000000000000198 t luaV_finishOp
00000000000420a0 000000000000230c t luaV_execute
00000000000443ac 0000000000000050 t luaZ_fill
00000000000443fc 0000000000000010 t luaZ_init
000000000004440c 0000000000000090 t luaZ_read
00000000000444a0 0000000000000168 t _memregionFindRandom
0000000000044610 00000000000001dc t virtmemSetup
00000000000447f0 0000000000000014 t virtmemFindAslr
0000000000044810 000000000000004c t virtmemAddReservation
0000000000044860 000000000000002c t virtmemRemoveReservation
000000000004488c T __rtld_runtime_resolve
0000000000044908 t armDCacheFlush
000000000004492c t armDCacheFlush_L0
0000000000044944 t armICacheInvalidate
0000000000044964 t armICacheInvalidate_L0
000000000004497c t svcUnmapMemory
0000000000044984 t svcQueryMemory
0000000000044998 t svcCreateThread
00000000000449ac t svcStartThread
00000000000449b4 t svcExitThread
00000000000449bc t svcSleepThread
00000000000449c4 t svcCloseHandle
00000000000449cc t svcWaitSynchronization
00000000000449e0 t svcGetSystemTick
00000000000449e8 t svcSendSyncRequest
00000000000449f0 t svcOutputDebugString
00000000000449f8 t svcGetInfo
0000000000044a0c t svcCreateSession
0000000000044a24 t svcReplyAndReceive
0000000000044a38 t svcMapProcessMemory
0000000000044a40 t svcUnmapProcessMemory
0000000000044a48 T exl_inline_hook_impl
0000000000044ae0 T exl_inline_float_hook_impl
0000000000044c00 0000000000000004 t operator delete(void*, unsigned long)
0000000000044c20 0000000000000068 t operator new(unsigned long)
0000000000044c88 0000000000000050 t std::__throw_logic_error(char const*)
0000000000044cd8 0000000000000050 t std::__throw_length_error(char const*)
0000000000044d28 0000000000000050 t std::__throw_out_of_range(char const*)
0000000000044d78 000000000000000c t std::__throw_out_of_range_fmt(char const*, ...)
0000000000044d84 0000000000000180 t std::__cxx11::basic_string<char, std::char_traits<char>, std::allocator<char> >::_M_replace_cold(char*, unsigned long, char const*, unsigned long, unsigned long)
0000000000044f20 000000000000000c t std::bad_alloc::what() const
0000000000044f40 0000000000000014 t std::bad_alloc::~bad_alloc()
0000000000044f40 0000000000000014 t std::bad_alloc::~bad_alloc()
0000000000044f60 0000000000000020 t std::bad_alloc::~bad_alloc()
0000000000044f80 0000000000000004 t operator delete(void*)
0000000000044fa0 000000000000000c t __gnu_cxx::__concurrence_lock_error::what() const
0000000000044fc0 000000000000000c t __gnu_cxx::__concurrence_unlock_error::what() const
0000000000044fe0 0000000000000014 t __gnu_cxx::__concurrence_lock_error::~__concurrence_lock_error()
0000000000044fe0 0000000000000014 t __gnu_cxx::__concurrence_lock_error::~__concurrence_lock_error()
0000000000045000 0000000000000038 t __gnu_cxx::__concurrence_lock_error::~__concurrence_lock_error()
0000000000045040 0000000000000014 t __gnu_cxx::__concurrence_unlock_error::~__concurrence_unlock_error()
0000000000045040 0000000000000014 t __gnu_cxx::__concurrence_unlock_error::~__concurrence_unlock_error()
0000000000045060 0000000000000038 t __gnu_cxx::__concurrence_unlock_error::~__concurrence_unlock_error()
0000000000045098 0000000000000034 t __gnu_cxx::__throw_concurrence_lock_error()
00000000000450cc 0000000000000034 t __gnu_cxx::__throw_concurrence_unlock_error()
0000000000045100 0000000000000110 t (anonymous namespace)::pool::free(void*) [clone .constprop.0]
0000000000045220 00000000000000cc t (anonymous namespace)::pool::allocate(unsigned long) [clone .constprop.0]
0000000000045300 0000000000000058 t __cxa_allocate_exception
0000000000045360 0000000000000028 t __cxa_free_exception
00000000000453a0 00000000000001f0 t _GLOBAL__sub_I_eh_alloc.cc
00000000000455a0 0000000000000014 t _GLOBAL__sub_D_eh_alloc.cc
00000000000455c0 000000000000009c t __cxa_begin_catch
0000000000045660 0000000000000004 t std::exception::~exception()
0000000000045660 0000000000000004 t std::exception::~exception()
0000000000045680 0000000000000044 t eh_globals_dtor(void*)
00000000000456e0 0000000000000080 t __cxa_get_globals
0000000000045760 0000000000000038 t _GLOBAL__sub_I_eh_globals.cc
00000000000457a0 0000000000000034 t _GLOBAL__sub_D_eh_globals.cc
00000000000457e0 000000000000007c t get_adjusted_ptr(std::type_info const*, std::type_info const*, void**)
0000000000045860 0000000000000138 t read_encoded_value_with_base(unsigned char, unsigned long, unsigned char const*, unsigned long*)
00000000000459a0 0000000000000064 t base_of_encoded_value(unsigned char, _Unwind_Context*)
0000000000045a20 0000000000000108 t check_exception_spec(lsda_header_info*, std::type_info const*, void*, long)
0000000000045b40 00000000000000f8 t parse_lsda_header(_Unwind_Context*, unsigned char const*, lsda_header_info*)
0000000000045c40 0000000000000630 t __gxx_personality_v0
0000000000046280 0000000000000018 t __cxxabiv1::__terminate(void (*)())
00000000000462a0 0000000000000010 t std::get_terminate()
00000000000462b0 0000000000000010 t std::terminate()
00000000000462c0 0000000000000010 t __cxxabiv1::__unexpected(void (*)())
00000000000462e0 0000000000000010 t std::get_unexpected()
00000000000462f0 0000000000000010 t std::unexpected()
0000000000046300 0000000000000058 t __gxx_exception_cleanup(_Unwind_Reason_Code, _Unwind_Exception*)
0000000000046360 0000000000000054 t __cxa_init_primary_exception
00000000000463c0 000000000000005c t __cxa_throw
0000000000046420 0000000000000010 t std::get_new_handler()
0000000000046440 0000000000000014 t __cxxabiv1::__si_class_type_info::~__si_class_type_info()
0000000000046440 0000000000000014 t __cxxabiv1::__si_class_type_info::~__si_class_type_info()
0000000000046460 0000000000000020 t __cxxabiv1::__si_class_type_info::~__si_class_type_info()
0000000000046480 0000000000000194 t __cxxabiv1::__si_class_type_info::__do_dyncast(long, __cxxabiv1::__class_type_info::__sub_kind, __cxxabiv1::__class_type_info const*, void const*, __cxxabiv1::__class_type_info const*, void const*, __cxxabiv1::__class_type_info::__dyncast_result&) const
0000000000046620 00000000000000a8 t __cxxabiv1::__si_class_type_info::__do_find_public_src(long, void const*, __cxxabiv1::__class_type_info const*, void const*) const
00000000000466e0 0000000000000064 t __cxxabiv1::__si_class_type_info::__do_upcast(__cxxabiv1::__class_type_info const*, void const*, __cxxabiv1::__class_type_info::__upcast_result&) const
0000000000046760 0000000000000004 t std::type_info::~type_info()
0000000000046760 0000000000000004 t std::type_info::~type_info()
0000000000046780 0000000000000008 t std::type_info::__is_pointer_p() const
0000000000046780 0000000000000008 t std::type_info::__is_function_p() const
00000000000467a0 0000000000000008 t std::logic_error::what() const
00000000000467a0 0000000000000008 t std::runtime_error::what() const
00000000000467c0 0000000000000074 t std::logic_error::~logic_error()
00000000000467c0 0000000000000074 t std::logic_error::~logic_error()
0000000000046840 000000000000001c t std::logic_error::~logic_error()
0000000000046860 0000000000000014 t std::length_error::~length_error()
0000000000046860 0000000000000014 t std::length_error::~length_error()
0000000000046880 000000000000001c t std::length_error::~length_error()
00000000000468a0 0000000000000014 t std::out_of_range::~out_of_range()
00000000000468a0 0000000000000014 t std::out_of_range::~out_of_range()
00000000000468c0 000000000000001c t std::out_of_range::~out_of_range()
00000000000468e0 00000000000000f8 t std::logic_error::logic_error(char const*)
00000000000468e0 00000000000000f8 t std::logic_error::logic_error(char const*)
00000000000469e0 0000000000000030 t std::length_error::length_error(char const*)
00000000000469e0 0000000000000030 t std::length_error::length_error(char const*)
0000000000046a20 0000000000000030 t std::out_of_range::out_of_range(char const*)
0000000000046a20 0000000000000030 t std::out_of_range::out_of_range(char const*)
0000000000046a60 0000000000000080 t std::string::_Rep::_S_create(unsigned long, unsigned long, std::allocator<char> const&)
0000000000046ae0 0000000000000004 t std::string::_Rep::_M_destroy(std::allocator<char> const&)
0000000000046b00 0000000000000068 t __cxxabiv1::__class_type_info::__do_upcast(__cxxabiv1::__class_type_info const*, void**) const
0000000000046b80 0000000000000010 t __cxxabiv1::__class_type_info::__do_find_public_src(long, void const*, __cxxabiv1::__class_type_info const*, void const*) const
0000000000046ba0 0000000000000014 t __cxxabiv1::__class_type_info::~__class_type_info()
0000000000046ba0 0000000000000014 t __cxxabiv1::__class_type_info::~__class_type_info()
0000000000046bc0 0000000000000020 t __cxxabiv1::__class_type_info::~__class_type_info()
0000000000046be0 0000000000000090 t __cxxabiv1::__class_type_info::__do_upcast(__cxxabiv1::__class_type_info const*, void const*, __cxxabiv1::__class_type_info::__upcast_result&) const
0000000000046c80 00000000000000a8 t __cxxabiv1::__class_type_info::__do_catch(std::type_info const*, void**, unsigned int) const
0000000000046d40 00000000000000ec t __cxxabiv1::__class_type_info::__do_dyncast(long, __cxxabiv1::__class_type_info::__sub_kind, __cxxabiv1::__class_type_info const*, void const*, __cxxabiv1::__class_type_info const*, void const*, __cxxabiv1::__class_type_info::__dyncast_result&) const
0000000000046e2c 0000000000000044 t __cxa_call_terminate
0000000000046e80 000000000000018c t sinf
0000000000047020 00000000000001b0 t log
00000000000471e0 0000000000000098 t sin
0000000000047280 0000000000000004 t atan2
00000000000472a0 0000000000000034 t with_errno
00000000000472e0 0000000000000018 t xflow
0000000000047300 000000000000000c t __math_uflow
0000000000047320 000000000000000c t __math_oflow
0000000000047340 0000000000000020 t __math_divzero
0000000000047360 0000000000000020 t __math_invalid
0000000000047380 0000000000000014 t __math_check_uflow
00000000000473a0 0000000000000020 t __math_check_oflow
00000000000473c0 00000000000002ec t __ieee754_rem_pio2
00000000000476c0 0000000000000498 t pow
0000000000047b60 0000000000000054 t fmod
0000000000047bc0 00000000000008b8 t __kernel_rem_pio2
0000000000048480 0000000000000064 t acos
0000000000048500 000000000000010c t scalbn
0000000000048620 0000000000000050 t sqrtf
0000000000048680 0000000000000050 t sqrt
00000000000486e0 0000000000000078 t log10
0000000000048760 000000000000009c t __kernel_sin
0000000000048800 0000000000000004 t atan2f
0000000000048820 0000000000000090 t cos
00000000000488c0 0000000000000034 t with_errnof
0000000000048900 0000000000000020 t __math_invalidf
0000000000048920 000000000000007c t frexp
00000000000489a0 0000000000000008 t __ieee754_sqrtf
00000000000489c0 00000000000000fc t __ieee754_log10
0000000000048ac0 00000000000001b4 t cosf
0000000000048c80 0000000000000008 t __ieee754_sqrt
0000000000048ca0 0000000000000238 t __ieee754_atan2
0000000000048ee0 0000000000000064 t tan
0000000000048f60 0000000000000008 t floor
0000000000048f80 0000000000000064 t asin
0000000000049000 0000000000000170 t exp
0000000000049180 0000000000000484 t __ieee754_fmod
0000000000049620 0000000000000210 t atan
0000000000049840 00000000000001c8 t __ieee754_atan2f
0000000000049a20 000000000000022c t atanf
0000000000049c60 0000000000000130 t __kernel_cos
0000000000049da0 0000000000000284 t __ieee754_asin
000000000004a040 0000000000000008 t fabs
000000000004a060 00000000000002b4 t __ieee754_acos
000000000004a320 0000000000000008 t fabsf
000000000004a340 000000000000000c t nan
000000000004a360 0000000000000208 t __kernel_tan
000000000004a580 0000000000000298 t init_dwarf_reg_size_table
000000000004a820 000000000000018c t uw_install_context_1
000000000004a9c0 000000000000018c t read_encoded_value
000000000004ab60 00000000000007f8 t execute_stack_op
000000000004b360 0000000000000334 t uw_update_context_1
000000000004b6a0 00000000000000f8 t uw_update_context
000000000004b7a0 0000000000000868 t execute_cfa_program_specialized
000000000004c020 0000000000000898 t execute_cfa_program_generic
000000000004c8c0 000000000000043c t uw_frame_state_for
000000000004cd00 000000000000036c t uw_init_context_1
000000000004d080 0000000000000140 t _Unwind_RaiseException_Phase2
000000000004d1c0 0000000000000154 t _Unwind_ForcedUnwind_Phase2
000000000004d320 0000000000000050 t _Unwind_SetGR
000000000004d380 0000000000000014 t _Unwind_GetIPInfo
000000000004d3a0 0000000000000008 t _Unwind_SetIP
000000000004d3c0 0000000000000008 t _Unwind_GetLanguageSpecificData
000000000004d3e0 0000000000000008 t _Unwind_GetRegionStart
000000000004d400 0000000000000008 t _Unwind_GetDataRelBase
000000000004d420 0000000000000008 t _Unwind_GetTextRelBase
000000000004d440 0000000000000004 t _Unwind_DebugHook
000000000004d460 00000000000001a4 t _Unwind_RaiseException
000000000004d620 000000000000012c t _Unwind_Resume
000000000004d760 000000000000001c t _Unwind_DeleteException
000000000004d780 0000000000000018 t fde_unencoded_compare
000000000004d7a0 000000000000002c t fde_unencoded_extract
000000000004d7e0 00000000000000ec t frame_downheap
000000000004d8e0 0000000000000138 t read_encoded_value_with_base
000000000004da20 0000000000000220 t fde_radixsort
000000000004dc40 0000000000000124 t get_cie_encoding
000000000004dd80 00000000000000d8 t fde_mixed_encoding_extract
000000000004de60 00000000000001e0 t classify_object_over_fdes.constprop.0
000000000004e040 00000000000000bc t fde_single_encoding_extract
000000000004e100 00000000000000a8 t fde_single_encoding_compare
000000000004e1c0 000000000000010c t fde_mixed_encoding_compare
000000000004e2e0 0000000000000234 t add_fdes.isra.0
000000000004e520 00000000000002e8 t linear_search_fdes
000000000004e820 0000000000000558 t search_object
000000000004ed80 00000000000001d0 t _Unwind_Find_FDE
000000000004ef50 0000000000000030 t __arm_za_disable
000000000004ef50 0000000000000030 t __libgcc_arm_za_disable
000000000004ef80 00000000000000a0 t __arm_tpidr2_save
000000000004ef80 00000000000000a0 t __libgcc_arm_tpidr2_save
000000000004f020 0000000000000028 t srand
000000000004f060 0000000000000038 t rand
000000000004f0a0 0000000000000024 t getenv
000000000004f100 00000000000000cc t strchr
000000000004f1e0 0000000000000330 t _fread_r
000000000004f520 0000000000000034 t fread
000000000004f580 000000000000022c t memcpy
000000000004f580 t memmove
000000000004f7c0 0000000000000120 t _fopen_r
000000000004f8e0 000000000000002c t fopen
000000000004f920 0000000000000058 t sulp
000000000004f980 00000000000012f8 t _strtod_l
0000000000050c80 000000000000004c t strtod
0000000000050ce0 0000000000000034 t clock
0000000000050d20 00000000000002a0 t _freopen_r
0000000000050fc0 000000000000002c t freopen
0000000000051000 0000000000000104 t memset
0000000000051120 0000000000000110 t rshift
0000000000051240 0000000000000860 t __gethex
0000000000051aa0 00000000000000f8 t snprintf
0000000000051ba0 00000000000001a4 t _strtoul_l.isra.0
0000000000051d60 0000000000000034 t _strtoul_r
0000000000051da0 0000000000000040 t strtoul
0000000000051e00 000000000000012c t strcpy
0000000000051f40 0000000000000058 t strpbrk
0000000000051fa0 0000000000000368 t validate_structure
0000000000052320 00000000000004e4 t mktime
0000000000052820 0000000000000418 t _strerror_r
0000000000052c40 0000000000000024 t strerror
0000000000052c80 0000000000000014 t __errno
0000000000052ca0 0000000000000018 t abort
0000000000052cc0 00000000000000b0 t __swhatbuf_r
0000000000052d80 00000000000000e8 t __smakebuf_r
0000000000052e80 000000000000000c t difftime
0000000000052ec0 0000000000000130 t strlen
0000000000053000 000000000000002c t __locale_mb_cur_max
0000000000053040 00000000000001ec t __sflush_r
0000000000053240 00000000000000bc t _fflush_r
0000000000053300 000000000000003c t fflush
0000000000053340 00000000000000a4 t _vsnprintf_r
0000000000053400 0000000000000048 t vsnprintf
0000000000053460 00000000000000f4 t _fwrite_r
0000000000053560 0000000000000034 t fwrite
00000000000535a0 000000000000002c t realloc
00000000000535e0 0000000000000350 t localtime_r
0000000000053940 00000000000001b4 t strncmp
0000000000053b00 000000000000025c t __tzcalc_limits
0000000000053d80 00000000000001c8 t memcmp
0000000000053f60 000000000000011c t _malloc_trim_r
0000000000054080 00000000000002d8 t _free_r
0000000000054360 0000000000000048 t strspn
00000000000543c0 000000000000001c t stdio_exit_handler
00000000000543e0 000000000000006c t cleanup_stdio
0000000000054460 0000000000000128 t global_stdio_init.part.0
00000000000545a0 000000000000000c t __sfp_lock_acquire
00000000000545c0 000000000000000c t __sfp_lock_release
00000000000545e0 0000000000000130 t __sfp
0000000000054720 0000000000000054 t __sinit
0000000000054780 00000000000002c0 t _strtol_l.part.0
0000000000054a40 0000000000000070 t _strtol_r
0000000000054ac0 00000000000000ac t strncpy
0000000000054b80 0000000000000004 t _fseek_r
0000000000054ba0 0000000000000014 t _tzset_unlocked
0000000000054bc0 0000000000000038 t malloc
0000000000054c00 000000000000001c t free
0000000000054c20 000000000000000c t __gettzinfo
0000000000054c40 00000000000000f4 t _findenv_r
0000000000054d40 0000000000000018 t _getenv_r
0000000000054d60 0000000000000008 t __localeconv_l
0000000000054d80 0000000000000028 t _localeconv_r
0000000000054dc0 0000000000000028 t localeconv
0000000000054e00 000000000000004c t __sread
0000000000054e60 0000000000000008 t __seofread
0000000000054e80 0000000000000070 t __swrite
0000000000054f00 0000000000000050 t __sseek
0000000000054f60 0000000000000008 t __sclose
0000000000054f80 0000000000000568 t _realloc_r
0000000000055500 000000000000000c t __malloc_lock
0000000000055520 000000000000000c t __malloc_unlock
0000000000055540 00000000000004c0 t _fseeko_r
0000000000055a00 0000000000000130 t _fclose_r
0000000000055b40 000000000000001c t fclose
0000000000055b60 0000000000000048 t time
0000000000055bc0 0000000000000080 t fprintf
0000000000055c40 0000000000000008 t _user_strerror
0000000000055c48 0000000000000790 t get_arg
00000000000563d8 0000000000003a84 t _svfprintf_r
0000000000059e60 00000000000000b8 t __sflags
0000000000059f40 0000000000000134 t strcmp
000000000005a080 00000000000000e0 t __utf8_wctomb
000000000005a160 00000000000002a0 t gmtime_r
000000000005a400 0000000000000004 t strcoll
000000000005a420 00000000000006cc t _tzset_unlocked_r
000000000005ab00 000000000000003c t setjmp
000000000005ab40 0000000000000040 t longjmp
000000000005ab80 00000000000000cc t getc
000000000005ac80 00000000000000dc t memchr
000000000005ad60 0000000000000048 t __match
000000000005adc0 000000000000025c t __hexnan
000000000005b020 00000000000000e4 t iso_year_adjust.isra.0
000000000005b120 0000000000000fc8 t __strftime.isra.0
000000000005c100 0000000000000034 t strftime
000000000005c140 0000000000000038 t lflush
000000000005c180 0000000000000190 t __srefill_r
000000000005c320 000000000000000c t __env_lock
000000000005c340 000000000000000c t __env_unlock
000000000005c360 0000000000000064 t __assert_func
000000000005c3e0 00000000000000a4 t _Balloc
000000000005c4a0 0000000000000020 t _Bfree
000000000005c4c0 0000000000000118 t __multadd
000000000005c5e0 0000000000000144 t __s2b
000000000005c740 0000000000000094 t __hi0bits
000000000005c7e0 0000000000000100 t __lo0bits
000000000005c8e0 000000000000004c t __i2b
000000000005c940 0000000000000210 t __multiply
000000000005cb60 0000000000000104 t __pow5mult
000000000005cc80 0000000000000174 t __lshift
000000000005ce00 0000000000000050 t __mcmp
000000000005ce60 00000000000001c4 t __mdiff
000000000005d040 0000000000000084 t __ulp
000000000005d0e0 0000000000000168 t __b2d
000000000005d260 000000000000014c t __d2b
000000000005d3c0 00000000000000b0 t __ratio
000000000005d480 0000000000000074 t __copybits
000000000005d500 0000000000000068 t __any_on
000000000005d580 000000000000000c t abs
000000000005d5a0 0000000000000098 t _fwalk_sglue
000000000005d640 0000000000000070 t __srget_r
000000000005d6b0 0000000000000790 t get_arg
000000000005de40 0000000000003bd4 t _vfprintf_r
0000000000061a14 00000000000000cc t __sbprintf
0000000000061ae0 000000000000001c t div
0000000000061b00 00000000000000d0 t _wcrtomb_r
0000000000061bd0 0000000000000790 t get_arg
0000000000062360 000000000000288c t _svfiprintf_r
0000000000064c00 00000000000000c8 t __ssprint_r
0000000000064ce0 00000000000002dc t __utf8_mbtowc
0000000000064fc0 0000000000000080 t fiprintf
0000000000065040 00000000000004a4 t __sfvwrite_r
0000000000065500 000000000000000c t __tz_lock
0000000000065520 000000000000000c t __tz_unlock
0000000000065540 000000000000009c t _raise_r
00000000000655e0 000000000000001c t raise
0000000000065600 000000000000018c t _memalign_r
00000000000657a0 000000000000000c t labs
00000000000657c0 00000000000000bc t _calloc_r
0000000000065880 0000000000000038 t __sprint_r
00000000000658c0 0000000000000840 t _malloc_r
0000000000066100 00000000000001a4 t quorem
00000000000662c0 00000000000012f0 t _dtoa_r
00000000000675c0 0000000000000010 t _wcsrtombs_r
00000000000675e0 00000000000000b0 t siscanf
00000000000676a0 000000000000012c t __swsetup_r
00000000000677e0 0000000000000188 t __ssputs_r
0000000000067968 0000000000000790 t get_arg
00000000000680f8 0000000000002964 t _vfiprintf_r
000000000006aa5c 00000000000000cc t __sbprintf
000000000006ab40 0000000000000188 t _wcsnrtombs_l
000000000006ace0 0000000000000054 t _wcsnrtombs_r
000000000006ad40 00000000000000f8 t sniprintf
000000000006ae38 0000000000000074 t get_arg
000000000006aeac 00000000000000f0 t _sungetc_r
000000000006af9c 0000000000000070 t __ssrefill_r
000000000006b00c 00000000000000dc t _sfread_r
000000000006b0e8 0000000000002700 t __ssvfiscanf_r
000000000006d800 0000000000000008 t iswspace
000000000006d820 00000000000001a4 t _strtoull_l.isra.0
000000000006d9e0 0000000000000034 t _strtoull_r
000000000006da20 00000000000000b8 t __submore
000000000006dae0 00000000000000d8 t _mbrtowc_r
000000000006dbc0 00000000000000d0 t __sccl
000000000006dca0 00000000000002c0 t _strtoll_l.isra.0
000000000006df60 0000000000000034 t _strtoll_r
000000000006dfa0 0000000000000048 t iswspace_l
000000000006e000 0000000000000084 t category
000000000006e0a0 0000000000000020 t _exit
000000000006e0c0 000000000000009c t _fstat_r
000000000006e160 0000000000000010 t _getpid_r
000000000006e180 0000000000000020 t __getreent
000000000006e1a0 0000000000000024 t _gettimeofday_r
000000000006e1e0 00000000000000a0 t __release_handle
000000000006e280 0000000000000130 t __alloc_handle
000000000006e3c0 0000000000000060 t __get_handle
000000000006e420 00000000000000f4 t _close_r
000000000006e520 0000000000000008 t null_write
000000000006e540 00000000000000b8 t FindDevice
000000000006e600 0000000000000008 t _isatty_r
000000000006e620 0000000000000010 t _kill_r
000000000006e640 00000000000000a0 t _lseek_r
000000000006e6e0 000000000000006c t pthread_mutex_lock
000000000006e760 000000000000006c t pthread_mutex_unlock
000000000006e7e0 00000000000000d4 t pthread_once
000000000006e8c0 0000000000000024 t pthread_key_create
000000000006e900 0000000000000018 t pthread_setspecific
000000000006e920 0000000000000018 t pthread_getspecific
000000000006e940 0000000000000018 t pthread_key_delete
000000000006e960 00000000000000f0 t _open_r
000000000006ea60 00000000000000b0 t _read_r
000000000006eb20 0000000000000078 t _sbrk_r
000000000006eba0 0000000000000014 t __libc_lock_acquire
000000000006ebc0 0000000000000014 t __libc_lock_release
000000000006ebe0 0000000000000014 t __libc_lock_acquire_recursive
000000000006ec00 0000000000000014 t __libc_lock_release_recursive
000000000006ec20 0000000000000018 t __libc_cond_broadcast
000000000006ec40 0000000000000018 t __libc_cond_wait
000000000006ec60 0000000000000010 t _times_r
000000000006ec80 00000000000000b0 t _write_r
000000000006ed40 0000000000000380 t __trunctfdf2
000000000006f0c0 0000000000000070 t __sfp_handle_exceptions
000000000006f130 t __text_end__
000000000006f270 T __code_end__
0000000000070010 0000000000000040 r (anonymous namespace)::kProductionLayoutPadding
0000000000070050 0000000000000010 r kGameFileDestructorExpectedBytes
0000000000070060 0000000000000010 r kGameFileCloseExpectedBytes
0000000000070070 0000000000000010 r kGameFileReadExpectedBytes
0000000000070080 0000000000000010 r kGameFileGetLengthExpectedBytes
0000000000070090 0000000000000010 r kGameFileOpenReadExpectedBytes
00000000000700a0 0000000000000020 r kTargetBuildId
00000000000702b0 0000000000000030 r kRebuildMountPointsRelayExpectedBytes
00000000000702e0 0000000000000004 r kRebuildMountPointsRelayExpectedEntry
00000000000702e4 0000000000000010 r kRebuildMountPointsRelayExpectedOriginal
00000000000702f4 0000000000000010 r kManagerPresentTargetExpectedBytes
0000000000070304 0000000000000010 r kManagerPresentStubExpectedBytes
0000000000070314 0000000000000038 r kManagerPresentRelayExpectedBytes
000000000007034c 0000000000000004 r kManagerPresentCallExpectedEntry
0000000000070350 0000000000000020 r kManagerRenderRelayExpectedBytes
0000000000070370 0000000000000004 r kManagerRenderRelayExpectedEntry
0000000000070374 0000000000000010 r kManagerPresentCallExpectedBytes
0000000000070384 0000000000000020 r kManagerRelayExpectedBytes
00000000000703a4 0000000000000004 r kManagerRelayExpectedEntry
00000000000703a8 0000000000000050 r kGameStartNewRelayExpectedBytes
00000000000703f8 0000000000000050 r kGameStartSavedRelayExpectedBytes
0000000000070448 0000000000000004 r kGameStartNewRelayExpectedEntry
000000000007044c 0000000000000004 r kGameStartSavedRelayExpectedEntry
0000000000070450 0000000000000060 r kPreGetCollectibleRelayExpectedBytes
00000000000704b0 0000000000000004 r kPreGetCollectibleRelayExpectedEntry
00000000000704b4 0000000000000010 r kPreGetCollectibleRelayExpectedOriginal
00000000000704c4 0000000000000010 r kRngNextExpectedBytes
00000000000704d4 0000000000000010 r kRngSetSeedExpectedBytes
00000000000704e4 0000000000000010 r kMusicResumeExpectedBytes
00000000000704f4 0000000000000010 r kMusicPauseExpectedBytes
0000000000070504 0000000000000010 r kMusicGetCurrentMusicIdExpectedBytes
0000000000070514 0000000000000010 r kRoomGetFrameCountExpectedBytes
0000000000070524 0000000000000010 r kLevelIsNextStageAvailableExpectedBytes
0000000000070534 0000000000000010 r kLevelGetAbsoluteStageExpectedBytes
0000000000070544 0000000000000010 r kLevelIsAscentExpectedBytes
0000000000070554 0000000000000010 r kGameIsGreedModeExpectedBytes
0000000000070564 0000000000000010 r kGameOperatorDeleteExpectedBytes
0000000000070574 0000000000000010 r kLibcxxStringAssignExpectedBytes
0000000000070584 0000000000000010 r kSpriteReplaceSpritesheetExpectedBytes
0000000000070594 0000000000000010 r kSpriteLoadGraphicsExpectedBytes
00000000000705a4 0000000000000010 r kSpriteLoadExpectedBytes
00000000000705b4 0000000000000010 r kSpritePlayRandomExpectedBytes
00000000000705c4 0000000000000010 r kSpriteRenderLayerExpectedBytes
00000000000705d4 0000000000000010 r kSpriteRenderExpectedBytes
00000000000705e4 0000000000000010 r kSpriteIsFinishedExpectedBytes
00000000000705f4 0000000000000010 r kSpriteIsPlayingExpectedBytes
0000000000070604 0000000000000010 r kSpriteUpdateExpectedBytes
0000000000070614 0000000000000010 r kSpriteGetTexelExpectedBytes
0000000000070624 0000000000000010 r kSpriteGetLayerFrameExpectedBytes
0000000000070634 0000000000000010 r kSpriteSetLayerFrameExpectedBytes
0000000000070644 0000000000000010 r kSpriteGetFrameExpectedBytes
0000000000070654 0000000000000010 r kSpriteSetFrameExpectedBytes
0000000000070664 0000000000000010 r kSpriteSetFrameNamedExpectedBytes
0000000000070674 0000000000000010 r kSpriteSetAnimationExpectedBytes
0000000000070684 0000000000000010 r kSpritePlayExpectedBytes
0000000000070694 0000000000000010 r kSpriteDestructorExpectedBytes
00000000000706a4 0000000000000010 r kSpriteCtorExpectedBytes
00000000000706b4 0000000000000010 r kFontDrawStringScaledUTF8ExpectedBytes
00000000000706c4 0000000000000010 r kFontDrawStringUTF8ExpectedBytes
00000000000706d4 0000000000000010 r kFontDrawStringScaledExpectedBytes
00000000000706e4 0000000000000010 r kFontDrawStringExpectedBytes
00000000000706f4 0000000000000010 r kFontSetMissingCharacterExpectedBytes
0000000000070704 0000000000000010 r kFontGetCharacterWidthExpectedBytes
0000000000070714 0000000000000010 r kFontGetBaselineHeightExpectedBytes
0000000000070724 0000000000000010 r kFontGetLineHeightExpectedBytes
0000000000070734 0000000000000010 r kFontGetStringWidthUTF8ExpectedBytes
0000000000070744 0000000000000010 r kFontGetStringWidthExpectedBytes
0000000000070754 0000000000000010 r kFontIsLoadedExpectedBytes
0000000000070764 0000000000000010 r kFontUnloadExpectedBytes
0000000000070774 0000000000000010 r kFontLoadExpectedBytes
0000000000070784 0000000000000010 r kFontDestructorExpectedBytes
0000000000070794 0000000000000010 r kFontCtorExpectedBytes
00000000000707a4 0000000000000010 r kManagerGetActionValueExpectedBytes
00000000000707b4 0000000000000010 r kManagerIsActionTriggeredExpectedBytes
00000000000707c4 0000000000000010 r kManagerIsActionPressedExpectedBytes
00000000000707d4 0000000000000010 r kGameIsPausedThunkExpectedBytes
00000000000707e4 0000000000000010 r kGetRenderPositionStubExpectedBytes
000000000007f2b2 0000000000000016 r LuaRuntime::(anonymous namespace)::kStage13ModRootPrefix
000000000007f2c8 000000000000000a r LuaRuntime::(anonymous namespace)::kModMethodsField
000000000007f2d2 0000000000000092 r kEmbeddedLuaTestScript
000000000007f364 0000000000000011 r LuaRuntime::kModMetatable
000000000007f375 0000000000000014 r LuaRuntime::kSpriteMetatable
000000000007f389 0000000000000014 r LuaRuntime::kVectorMetatable
000000000007f39d 0000000000000014 r LuaRuntime::kColorMetatable
000000000007f3b1 0000000000000012 r LuaRuntime::kFontMetatable
000000000007f3c3 0000000000000011 r LuaRuntime::kRngMetatable
000000000007f3d4 0000000000000013 r LuaRuntime::kMusicMetatable
000000000007f3e7 0000000000000013 r LuaRuntime::kSeedsMetatable
000000000007f3fa 0000000000000020 r LuaRuntime::kRoomDescriptorListMetatable
000000000007f41a 000000000000001c r LuaRuntime::kRoomDescriptorMetatable
000000000007f436 0000000000000018 r LuaRuntime::kGridEntityMetatable
000000000007f44e 0000000000000012 r LuaRuntime::kRoomMetatable
000000000007f460 0000000000000016 r LuaRuntime::kItemPoolMetatable
000000000007f476 0000000000000013 r LuaRuntime::kLevelMetatable
000000000007f489 0000000000000012 r LuaRuntime::kGameMetatable
000000000007f49c 0000000000000004 r kEntryRelayEntryStubWord1
000000000007f4a0 0000000000000004 r kEntryRelayEntryStubWord0
0000000000083158 0000000000000014 r CSWTCH.2
0000000000083170 000000000000001e r isaac::runtime::kRomfsModManifestPath
0000000000083190 0000000000000006 r isaac::runtime::kHookBackends
0000000000083198 0000000000000010 r kContentAddMountPointExpectedBytes
00000000000831a8 0000000000000010 r kContentMountPointPathDtorExpectedBytes
00000000000831b8 0000000000000010 r kContentMountPointPathCtorExpectedBytes
0000000000083240 0000000000000010 r kRebuildContentMountPointsExpectedBytes
0000000000083250 0000000000000010 r kManagerRenderExpectedBytes
0000000000083260 0000000000000010 r kManagerUpdateExpectedBytes
0000000000083270 0000000000000036 r isaac::runtime::(anonymous namespace)::kRules
00000000000832a6 0000000000000005 r isaac::runtime::(anonymous namespace)::kFontOwner
00000000000832ab 0000000000000005 r isaac::runtime::(anonymous namespace)::kGameOwner
00000000000832b0 0000000000000006 r isaac::runtime::(anonymous namespace)::kSeedsOwner
00000000000832b6 0000000000000006 r isaac::runtime::(anonymous namespace)::kInputOwner
00000000000832c0 0000000000000070 r isaac::runtime::(anonymous namespace)::kFieldApis
0000000000083330 0000000000000020 r isaac::runtime::(anonymous namespace)::kEffectEntityTable
0000000000083350 0000000000000020 r isaac::runtime::(anonymous namespace)::kLiveEntityTable
0000000000083370 0000000000000010 r isaac::runtime::(anonymous namespace)::kItemConfigItemOwner
0000000000083380 000000000000000b r isaac::runtime::(anonymous namespace)::kItemConfigOwner
0000000000083390 000000000000000d r isaac::runtime::(anonymous namespace)::kEntityPickupOwner
00000000000833a0 000000000000000d r isaac::runtime::(anonymous namespace)::kEntityPlayerOwner
00000000000833b0 0000000000000007 r isaac::runtime::(anonymous namespace)::kEntityOwner
00000000000833b8 0000000000000006 r isaac::runtime::(anonymous namespace)::kIsaacOwner
00000000000833c0 000000000000001d r LuaRuntime::kItemConfigItemMetatable
00000000000833e0 0000000000000018 r LuaRuntime::kItemConfigMetatable
00000000000833f8 000000000000001a r LuaRuntime::kEntityPickupMetatable
0000000000083418 000000000000001a r LuaRuntime::kEntityPlayerMetatable
0000000000083438 0000000000000014 r LuaRuntime::kEntityMetatable
000000000008344c 0000000000000008 r CSWTCH.127
0000000000083454 000000000000001c r isaac::runtime::(anonymous namespace)::kNamedCallbacksRegistryKey
0000000000083470 0000000000000004 r isaac::runtime::(anonymous namespace)::kModOwner
0000000000083474 000000000000003a r ModPersistence::detail::kStatePath
00000000000834ae 0000000000000009 r ModPersistence::detail::kMagic
00000000000834b7 000000000000000d r isaac::runtime::(anonymous namespace)::kMusicOwner
00000000000834c4 0000000000000020 r isaac::runtime::kLevelFieldApis
00000000000834e4 0000000000000010 r kGameSpecialSeedBannedCursesExpectedBytes
00000000000834f4 0000000000000010 r kGameSpecialSeedPermanentCursesExpectedBytes
0000000000083504 0000000000000004 r isaac::runtime::(anonymous namespace)::kRngOwner
0000000000083508 0000000000000001 r isaac::runtime::(anonymous namespace)::kAnyAnimationName
0000000000083509 0000000000000006 r isaac::runtime::(anonymous namespace)::kSpriteFlipXField
000000000008350f 0000000000000006 r isaac::runtime::(anonymous namespace)::kSpriteColorField
0000000000083515 0000000000000006 r isaac::runtime::(anonymous namespace)::kSpriteScaleField
000000000008351b 0000000000000007 r isaac::runtime::(anonymous namespace)::kSpriteOwner
0000000000083522 0000000000000007 r isaac::runtime::(anonymous namespace)::kVectorOwner
0000000000083529 0000000000000040 r (anonymous namespace)::kDiagnosticsPath
00000000000835a8 0000000000000008 r version.0
00000000000835b0 0000000000000020 r optsnum.0
00000000000835d0 0000000000000101 r luai_ctype_
0000000000083791 0000000000000100 r log_2.0
0000000000083898 0000000000000010 r luaO_nilobject_
00000000000838a8 000000000000002f r luaP_opmodes
0000000000083928 000000000000002a r priority
00000000000839b0 0000000000000020 r dummynode_
00000000000839d0 0000000000000009 r udatatypename
00000000000839dc 0000000000000010 r limits.0
0000000000083a58 r __nx_mod0
0000000000083a78 000000000000000d r typeinfo name for std::bad_alloc
0000000000083a88 0000000000000027 r typeinfo name for __gnu_cxx::__concurrence_lock_error
0000000000083ab0 0000000000000029 r typeinfo name for __gnu_cxx::__concurrence_unlock_error
0000000000083ae0 000000000000000d r typeinfo name for std::exception
0000000000083af0 0000000000000020 r typeinfo name for __cxxabiv1::__forced_unwind
0000000000083b10 0000000000000024 r typeinfo name for __cxxabiv1::__foreign_exception
0000000000083b38 0000000000000025 r typeinfo name for __cxxabiv1::__si_class_type_info
0000000000083b60 000000000000000d r typeinfo name for std::type_info
0000000000083b70 0000000000000010 r typeinfo name for std::logic_error
0000000000083b80 0000000000000011 r typeinfo name for std::length_error
0000000000083b98 0000000000000011 r typeinfo name for std::out_of_range
0000000000083bb0 0000000000000022 r typeinfo name for __cxxabiv1::__class_type_info
0000000000083be0 0000000000000080 r npio2_hw
0000000000083c60 0000000000000108 r two_over_pi
0000000000083d70 0000000000000040 r PIo2
0000000000083db0 0000000000000010 r init_jk
0000000000083dc0 0000000000000060 r __inv_pio4
0000000000083e20 00000000000000e0 r __sincosf_table
0000000000083f00 0000000000000870 r __exp_data
0000000000084770 0000000000001048 r __pow_log_data
00000000000857c0 0000000000000890 r __log_data
0000000000086050 0000000000000018 r CSWTCH.7
0000000000086068 0000000000000018 r CSWTCH.6
0000000000086080 0000000000000010 r Zero
0000000000086090 0000000000000020 r atanlo
00000000000860b0 0000000000000020 r atanhi
00000000000860d0 000000000000000c r CSWTCH.7
00000000000860e0 000000000000000c r CSWTCH.6
00000000000860f0 0000000000000010 r atanlo
0000000000086100 0000000000000010 r atanhi
0000000000086228 0000000000000008 r terminator.0
0000000000086230 0000000000000001 r __aarch64_have_sme
0000000000086238 0000000000000014 r fpinan.0
0000000000086250 0000000000000014 r fpi.1
0000000000086270 0000000000000028 r tinytens
0000000000086298 0000000000000100 r __hexdig
00000000000863a0 0000000000000030 r _DAYS_BEFORE_MONTH
00000000000863d0 0000000000000030 r DAYS_IN_MONTH
0000000000086620 0000000000000010 r zeroes.0
0000000000086630 0000000000000010 r blanks.1
0000000000086640 0000000000000101 r _ctype_
00000000000867f0 0000000000000060 r __month_lengths
0000000000086850 000000000000000c r p05.0
0000000000086860 0000000000000028 r __mprec_bigtens
0000000000086888 00000000000000c8 r __mprec_tens
0000000000086a50 0000000000000010 r zeroes.0
0000000000086a60 0000000000000010 r blanks.1
0000000000086b70 0000000000000010 r zeroes.0
0000000000086b80 0000000000000010 r blanks.1
0000000000086b90 000000000000006c r __action_table
0000000000086c00 000000000000006c r __state_table
0000000000086c70 0000000000000100 r __chclass
0000000000086e70 0000000000000010 r zeroes.0
0000000000086e80 0000000000000010 r blanks.1
0000000000086f00 0000000000000022 r basefix.0
0000000000086f28 00000000000037f8 r categories
000000000008b5f1 R __rela_dyn_start__
000000000008b5f1 R __rel_dyn_end__
000000000008b5f1 R __rel_dyn_start__
00000000000a1be8 R __rela_dyn_end__
00000000000a1be8 R __rela_plt_start__
00000000000a1be8 R __rel_plt_end__
00000000000a1be8 R __rel_plt_start__
00000000000a1d98 R __rela_plt_end__
00000000000a1e08 r __eh_frame_hdr_end__
00000000000a1e08 r __eh_frame_hdr_start__
00000000000a2000 a _DYNAMIC
00000000000a2000 d __dynamic_start__
00000000000a2180 00000000000001f8 d kSpriteBindingEntries
00000000000a2378 0000000000000168 d kFontBindingEntries
00000000000a24e0 0000000000000008 d (anonymous namespace)::g_ContentMountAdapter
00000000000a2548 0000000000000028 d vtable for LuaRuntime::LuaCallbackInvoker
00000000000a2570 0000000000000004 d LuaRuntime::(anonymous namespace)::g_RequireCacheRef
00000000000a2578 0000000000001408 d LuaRuntime::(anonymous namespace)::g_CallbackRegistry
00000000000a3980 0000000000000780 d LuaRuntime::(anonymous namespace)::kKeyboardConstants
00000000000a4100 00000000000001c0 d LuaRuntime::(anonymous namespace)::kButtonActionConstants
00000000000a42c0 00000000000001e0 d PcLuaEnumData::(anonymous namespace)::kTables
00000000000a44a0 00000000000004a0 d PcLuaEnumData::(anonymous namespace)::kModCallbacksValues
00000000000a4940 0000000000000640 d PcLuaEnumData::(anonymous namespace)::kCardValues
00000000000a4f80 0000000000000070 d PcLuaEnumData::(anonymous namespace)::kEntityPartitionValues
00000000000a4ff0 0000000000000c80 d PcLuaEnumData::(anonymous namespace)::kEffectVariantValues
00000000000a5c70 00000000000001c0 d PcLuaEnumData::(anonymous namespace)::kGridEntityTypeValues
00000000000a5e30 00000000000000a0 d PcLuaEnumData::(anonymous namespace)::kLevelCurseValues
00000000000a5ed0 00000000000002f0 d PcLuaEnumData::(anonymous namespace)::kChallengeValues
00000000000a61c0 0000000000000c30 d PcLuaEnumData::(anonymous namespace)::kTrinketTypeValues
00000000000a6df0 00000000000000c0 d PcLuaEnumData::(anonymous namespace)::kUseFlagValues
00000000000a6eb0 0000000000001580 d PcLuaEnumData::(anonymous namespace)::kEntityTypeValues
00000000000a8430 0000000000000340 d PcLuaEnumData::(anonymous namespace)::kPillEffectValues
00000000000a8770 0000000000000130 d PcLuaEnumData::(anonymous namespace)::kPillColorValues
00000000000a88a0 00000000000002f0 d PcLuaEnumData::(anonymous namespace)::kPlayerTypeValues
00000000000a8b90 0000000000000100 d PcLuaEnumData::(anonymous namespace)::kPlayerFormValues
00000000000a8c90 0000000000000050 d PcLuaEnumData::(anonymous namespace)::kItemTypeValues
00000000000a8ce0 00000000000001e0 d PcLuaEnumData::(anonymous namespace)::kPickupVariantValues
00000000000a8ec0 0000000000000170 d PcLuaEnumData::(anonymous namespace)::kLevelStageValues
00000000000a9030 00000000000001f0 d PcLuaEnumData::(anonymous namespace)::kRoomTypeValues
00000000000a9220 0000000000000280 d PcLuaEnumData::(anonymous namespace)::kItemPoolTypeValues
00000000000a94a0 0000000000002f10 d PcLuaEnumData::(anonymous namespace)::kCollectibleTypeValues
00000000000ac3b0 0000000000000004 d (anonymous namespace)::g_StartupStatus
00000000000ac3b8 0000000000000008 d Logging
00000000000ac3c8 0000000000000004 d exl::util::mem_layout::s_SelfModuleIdx
00000000000ac3d0 0000000000000018 d vtable for exl::log::SvcLogger
00000000000ac3e8 00000000000000c0 d isaac::runtime::kHookCatalog
00000000000ac4a8 0000000000000040 d isaac::runtime::ContentMountService::kLeaves
00000000000ac4e8 0000000000000030 d vtable for isaac::runtime::HookRoutingAdapter
00000000000ac518 0000000000000030 d vtable for isaac::runtime::ExlaunchHookAdapter
00000000000ac548 0000000000000028 d vtable for isaac::runtime::EngineContentMountAdapter
00000000000ac570 0000000000000030 d vtable for isaac::runtime::GameFileReaderAdapter
00000000000ac5a0 0000000000000050 d vtable for isaac::runtime::EmbeddedLuaAdapter
00000000000ac5f0 0000000000000040 d vtable for isaac::runtime::RuntimeHostApiService
00000000000ac630 0000000000000030 d vtable for isaac::runtime::RelaySlotHookAdapter
00000000000ac660 0000000000000030 d vtable for isaac::runtime::EntryRelayHookAdapter
00000000000ac690 0000000000000030 d vtable for isaac::runtime::GotSlotHookAdapter
00000000000ac6c0 0000000000000010 d isaac::runtime::(anonymous namespace)::g_defaultCatalog
00000000000ac6d0 0000000000002880 d isaac::runtime::(anonymous namespace)::kDefaultApis
00000000000aef50 00000000000000d8 d isaac::runtime::(anonymous namespace)::kColorConstants
00000000000af028 00000000000000b0 d isaac::runtime::(anonymous namespace)::kColorFields
00000000000af0d8 0000000000000010 d C.70.0
00000000000af0e8 00000000000000d0 d isaac::runtime::(anonymous namespace)::kFontHandlers
00000000000af1b8 0000000000000030 d isaac::runtime::detail::ApiSequence()::state
00000000000af1e8 0000000000000020 d isaac::runtime::(anonymous namespace)::kSeedsHandlers
00000000000af208 0000000000000090 d isaac::runtime::(anonymous namespace)::kGameHandlers
00000000000af298 0000000000000004 d isaac::runtime::EngineGuardCacheEnabledFlag()::enabled
00000000000af2a0 0000000000000060 d isaac::runtime::(anonymous namespace)::kInputHandlers
00000000000af300 0000000000000018 d C.504.0
00000000000af318 0000000000000210 d isaac::runtime::(anonymous namespace)::kItemConfigTagConstants
00000000000af528 0000000000000048 d isaac::runtime::(anonymous namespace)::kEntityPlayerIntegerFields
00000000000af570 0000000000000040 d isaac::runtime::(anonymous namespace)::kEntityPlayerFloatFields
00000000000af5b0 0000000000000090 d isaac::runtime::(anonymous namespace)::kEntityIntegerFields
00000000000af640 0000000000001400 d isaac::runtime::(anonymous namespace)::g_EntityDataEntries
00000000000b0a40 0000000000000030 d isaac::runtime::(anonymous namespace)::kItemConfigItemHandlers
00000000000b0a70 0000000000000060 d isaac::runtime::(anonymous namespace)::kItemConfigHandlers
00000000000b0ad0 0000000000000010 d isaac::runtime::(anonymous namespace)::kEntityPickupHandlers
00000000000b0ae0 0000000000000050 d isaac::runtime::(anonymous namespace)::kEntityHandlers
00000000000b0b30 0000000000000240 d isaac::runtime::(anonymous namespace)::kEntityPlayerHandlers
00000000000b0d70 0000000000000130 d isaac::runtime::(anonymous namespace)::kIsaacHandlers
00000000000b0ea0 0000000000000050 d isaac::runtime::(anonymous namespace)::kModHandlers
00000000000b0ef0 0000000000000030 d isaac::runtime::(anonymous namespace)::kMusicHandlers
00000000000b0f20 0000000000000020 d isaac::runtime::(anonymous namespace)::(anonymous namespace)::kRoomConfigRoomFields
00000000000b0f40 0000000000000030 d isaac::runtime::(anonymous namespace)::kItemPoolHandlers
00000000000b0f70 00000000000000a0 d isaac::runtime::(anonymous namespace)::kRoomHandlers
00000000000b1010 0000000000000030 d isaac::runtime::(anonymous namespace)::kGridEntityHandlers
00000000000b1040 00000000000000b0 d isaac::runtime::(anonymous namespace)::kLevelHandlers
00000000000b10f0 0000000000000030 d isaac::runtime::(anonymous namespace)::kRngHandlers
00000000000b1120 0000000000000120 d isaac::runtime::(anonymous namespace)::kSpriteHandlers
00000000000b1240 0000000000000100 d isaac::runtime::(anonymous namespace)::kVectorHandlers
00000000000b1340 0000000000000040 d vtable for ModPersistence::detail::RawFilePort
00000000000b1380 0000000000000040 d vtable for (anonymous namespace)::SaltyNxDiagnosticFilePort
00000000000b13c0 0000000000000008 d ModPersistence::detail::g_rawPort
00000000000b13c8 0000000000000048 d opts.1
00000000000b1410 0000000000000190 d base_funcs
00000000000b15a0 0000000000000018 d ef.0
00000000000b15b8 0000000000000080 d co_funcs
00000000000b1638 0000000000000128 d luaX_tokens
00000000000b1760 00000000000001c0 d mathlib
00000000000b1920 0000000000000120 d strlib
00000000000b1a40 0000000000000080 d tab_funcs
00000000000b1ac0 00000000000000c0 d luaT_eventname.0
00000000000b1b80 0000000000000058 d luaT_typenames_
00000000000b1bd8 0000000000000070 d funcs
00000000000b1c48 0000000000000008 d DW.ref.__gxx_personality_v0
00000000000b1c50 0000000000000018 d typeinfo for std::bad_alloc
00000000000b1c68 0000000000000028 d vtable for std::bad_alloc
00000000000b1c90 0000000000000018 d typeinfo for __gnu_cxx::__concurrence_lock_error
00000000000b1ca8 0000000000000018 d typeinfo for __gnu_cxx::__concurrence_unlock_error
00000000000b1cc0 0000000000000028 d vtable for __gnu_cxx::__concurrence_lock_error
00000000000b1ce8 0000000000000028 d vtable for __gnu_cxx::__concurrence_unlock_error
00000000000b1d10 0000000000000010 d typeinfo for std::exception
00000000000b1d20 0000000000000010 d typeinfo for __cxxabiv1::__forced_unwind
00000000000b1d30 0000000000000010 d typeinfo for __cxxabiv1::__foreign_exception
00000000000b1d40 0000000000000008 d __cxxabiv1::__unexpected_handler
00000000000b1d48 0000000000000018 d typeinfo for __cxxabiv1::__si_class_type_info
00000000000b1d60 0000000000000058 d vtable for __cxxabiv1::__si_class_type_info
00000000000b1db8 0000000000000010 d typeinfo for std::type_info
00000000000b1dc8 0000000000000018 d typeinfo for std::logic_error
00000000000b1de0 0000000000000018 d typeinfo for std::length_error
00000000000b1df8 0000000000000018 d typeinfo for std::out_of_range
00000000000b1e10 0000000000000028 d vtable for std::logic_error
00000000000b1e38 0000000000000028 d vtable for std::length_error
00000000000b1e60 0000000000000028 d vtable for std::out_of_range
00000000000b1e88 0000000000000018 d typeinfo for __cxxabiv1::__class_type_info
00000000000b1ea0 0000000000000058 d vtable for __cxxabiv1::__class_type_info
00000000000b1ef8 0000000000000008 d __cxxabiv1::__terminate_handler
00000000000b1f00 0000000000000290 d __global_locale
00000000000b2190 0000000000000018 d __sglue
00000000000b21a8 0000000000000058 d tzinfo
00000000000b2200 0000000000000008 d _impure_ptr
00000000000b2208 0000000000000240 d _impure_data
00000000000b2448 0000000000000010 d _tzname
00000000000b2458 0000000000000008 d environ
00000000000b2460 0000000000000008 d __malloc_sbrk_base
00000000000b2468 0000000000000008 d __malloc_trim_threshold
00000000000b2470 0000000000000810 d __malloc_av_
00000000000b2c80 00000000000001f8 d _C_time_locale
00000000000b2e80 0000000000002000 d handles
00000000000b4e80 0000000000000010 d __stderr_handle
00000000000b4e90 0000000000000010 d __stdout_handle
00000000000b4ea0 0000000000000010 d __stdin_handle
00000000000b4eb0 0000000000000118 d devoptab_list
00000000000b4fc8 0000000000000100 d dotab_stdnull
00000000000b50c8 0000000000000004 d defaultDevice
00000000000b50cc D __got_start__
00000000000b5178 a _GLOBAL_OFFSET_TABLE_
00000000000b5598 D __got_end__
00000000000b5598 d __init_array_start
00000000000b5598 d __preinit_array_end
00000000000b5598 d __preinit_array_start
00000000000b55b8 d __init_array_end
00000000000b55e8 A __tbss_align_abs__
00000000000b55e8 D __tbss_end__
00000000000b55e8 D __tbss_start__
00000000000b55e8 A __tdata_align_abs__
00000000000b55e8 D __tdata_end__
00000000000b55e8 D __tdata_start__
00000000000b6000 b __bss_start__
00000000000b6000 00000000000000d0 b exl_nx_module_runtime
00000000000b60d0 0000000000000004 b (anonymous namespace)::g_rebuildRelayRemountFailures
00000000000b60d4 0000000000000004 b (anonymous namespace)::g_rebuildRelayFired
00000000000b60d8 0000000000000004 b (anonymous namespace)::g_rebuildRelayDepth
00000000000b60e0 0000000000000004 b (anonymous namespace)::g_DeepestGameOwnerObservation
00000000000b60e8 0000000000000008 b guard variable for ModPersistence::detail::g_rawPort
00000000000b60f0 0000000000000008 b g_PresentGotSlotTarget
00000000000b60f8 0000000000000008 b g_PresentGotSlotDispatchReturn
00000000000b6100 0000000000000008 b exl::hook::impl::TrampolineHook<(anonymous namespace)::ManagerRenderHook>::OrigRef()::s_FnPtr
00000000000b6108 0000000000000008 b exl::hook::impl::TrampolineHook<(anonymous namespace)::ManagerUpdateHook>::OrigRef()::s_FnPtr
00000000000b6110 0000000000000450 b (anonymous namespace)::g_ContentMountService
00000000000b6560 0000000000100000 b (anonymous namespace)::g_DefaultEntry
00000000001b6560 0000000000080000 b (anonymous namespace)::g_DefaultManifest
0000000000236560 0000000000000030 b (anonymous namespace)::g_DefaultManifestBindings
0000000000236590 0000000000000004 b (anonymous namespace)::g_DefaultPersistenceGate
0000000000236594 0000000000000004 b (anonymous namespace)::g_DefaultCallbackGate
0000000000236598 0000000000000004 b (anonymous namespace)::g_DefaultManifestFailureWord
000000000023659c 0000000000000004 b (anonymous namespace)::g_DefaultManifestFailureDetail
00000000002365a0 0000000000000004 b (anonymous namespace)::g_DefaultManifestState
00000000002365a8 0000000000000008 b (anonymous namespace)::g_LuaGameIsPausedThunk
00000000002365b0 0000000000000008 b (anonymous namespace)::g_LuaGameOwnerSlot
00000000002365b8 0000000000000004 b (anonymous namespace)::g_RenderPresentRelayEntries
00000000002365bc 0000000000000004 b (anonymous namespace)::g_RenderPresentRelayState
00000000002365c0 0000000000000004 b (anonymous namespace)::g_RenderCallbackEntries
00000000002365c4 0000000000000004 b (anonymous namespace)::g_UpdateCallbackEntries
00000000002365c8 0000000000000040 b (anonymous namespace)::g_HookInstallResults
0000000000236608 0000000000000008 b (anonymous namespace)::g_RenderFrameManager
0000000000236610 0000000000000004 b (anonymous namespace)::g_HookEnabled
0000000000236614 0000000000000004 b isaac::runtime::HookInstallFailureCode()::value
0000000000236618 0000000000000004 b isaac::runtime::HookInstallFailureSlot()::value
000000000023661c 0000000000000004 b isaac::runtime::HookInstallInstalledCount()::value
0000000000236620 0000000000000004 b ModPersistence::detail::g_fileApiReady
0000000000236624 0000000000000004 b LuaRuntime::(anonymous namespace)::g_PendingGameStarted
0000000000236628 0000000000000008 b LuaRuntime::(anonymous namespace)::g_RequireCurrentModuleLength
0000000000236630 0000000000000040 b LuaRuntime::(anonymous namespace)::g_RequireCurrentModule
0000000000236670 0000000000000004 b LuaRuntime::(anonymous namespace)::g_RequireFailureTotal
0000000000236678 0000000000000008 b LuaRuntime::(anonymous namespace)::g_RequireLastFailureName
0000000000236680 0000000000000004 b LuaRuntime::(anonymous namespace)::g_RequireLastFailureCode
0000000000236688 0000000000000008 b LuaRuntime::(anonymous namespace)::g_RequireFirstFailureName
0000000000236690 0000000000000004 b LuaRuntime::(anonymous namespace)::g_RequireFirstFailureCode
0000000000236698 0000000000000008 b LuaRuntime::(anonymous namespace)::g_RequireErrorTail
00000000002366a0 0000000000000004 b LuaRuntime::(anonymous namespace)::g_RequireFailureDetail
00000000002366a4 0000000000000001 b LuaRuntime::(anonymous namespace)::g_RequireAvailable
00000000002366a5 0000000000000001 b LuaRuntime::(anonymous namespace)::g_Stage13Mode
00000000002366a8 0000000000000008 b LuaRuntime::(anonymous namespace)::g_Stage13RequireDepth
00000000002366b0 0000000000000008 b LuaRuntime::(anonymous namespace)::g_Stage13ModRootLength
00000000002366b8 0000000000100000 b LuaRuntime::(anonymous namespace)::g_Stage13RequireSource
00000000003366b8 0000000000000400 b LuaRuntime::(anonymous namespace)::g_Stage13ModRoot
0000000000336ab8 0000000000000030 b LuaRuntime::(anonymous namespace)::g_Stage13Bindings
0000000000336ae8 0000000000000008 b LuaRuntime::(anonymous namespace)::g_GameOperatorDelete
0000000000336af0 0000000000000008 b LuaRuntime::(anonymous namespace)::g_LibcxxStringAssign
0000000000336af8 0000000000000008 b LuaRuntime::(anonymous namespace)::g_SpriteReplaceSpritesheet
0000000000336b00 0000000000000008 b LuaRuntime::(anonymous namespace)::g_SpriteLoadGraphics
0000000000336b08 0000000000000008 b LuaRuntime::(anonymous namespace)::g_SpriteLoad
0000000000336b10 0000000000000008 b LuaRuntime::(anonymous namespace)::g_SpritePlayRandom
0000000000336b18 0000000000000008 b LuaRuntime::(anonymous namespace)::g_SpriteRenderLayer
0000000000336b20 0000000000000008 b LuaRuntime::(anonymous namespace)::g_SpriteRender
0000000000336b28 0000000000000008 b LuaRuntime::(anonymous namespace)::g_SpriteIsFinished
0000000000336b30 0000000000000008 b LuaRuntime::(anonymous namespace)::g_SpriteIsPlaying
0000000000336b38 0000000000000008 b LuaRuntime::(anonymous namespace)::g_SpriteUpdate
0000000000336b40 0000000000000008 b LuaRuntime::(anonymous namespace)::g_SpriteGetTexel
0000000000336b48 0000000000000008 b LuaRuntime::(anonymous namespace)::g_SpriteGetLayerFrame
0000000000336b50 0000000000000008 b LuaRuntime::(anonymous namespace)::g_SpriteSetLayerFrame
0000000000336b58 0000000000000008 b LuaRuntime::(anonymous namespace)::g_SpriteGetFrame
0000000000336b60 0000000000000008 b LuaRuntime::(anonymous namespace)::g_SpriteSetFrame
0000000000336b68 0000000000000008 b LuaRuntime::(anonymous namespace)::g_SpriteSetFrameNamed
0000000000336b70 0000000000000008 b LuaRuntime::(anonymous namespace)::g_SpriteSetAnimation
0000000000336b78 0000000000000008 b LuaRuntime::(anonymous namespace)::g_SpritePlay
0000000000336b80 0000000000000008 b LuaRuntime::(anonymous namespace)::g_SpriteDestructor
0000000000336b88 0000000000000008 b LuaRuntime::(anonymous namespace)::g_SpriteCtor
0000000000336b90 0000000000000008 b LuaRuntime::(anonymous namespace)::g_FontDrawStringScaledUTF8
0000000000336b98 0000000000000008 b LuaRuntime::(anonymous namespace)::g_FontDrawStringUTF8
0000000000336ba0 0000000000000008 b LuaRuntime::(anonymous namespace)::g_FontDrawStringScaled
0000000000336ba8 0000000000000008 b LuaRuntime::(anonymous namespace)::g_FontDrawString
0000000000336bb0 0000000000000008 b LuaRuntime::(anonymous namespace)::g_FontSetMissingCharacter
0000000000336bb8 0000000000000008 b LuaRuntime::(anonymous namespace)::g_FontGetCharacterWidth
0000000000336bc0 0000000000000008 b LuaRuntime::(anonymous namespace)::g_FontGetBaselineHeight
0000000000336bc8 0000000000000008 b LuaRuntime::(anonymous namespace)::g_FontGetLineHeight
0000000000336bd0 0000000000000008 b LuaRuntime::(anonymous namespace)::g_FontGetStringWidthUTF8
0000000000336bd8 0000000000000008 b LuaRuntime::(anonymous namespace)::g_FontGetStringWidth
0000000000336be0 0000000000000008 b LuaRuntime::(anonymous namespace)::g_FontIsLoaded
0000000000336be8 0000000000000008 b LuaRuntime::(anonymous namespace)::g_FontUnload
0000000000336bf0 0000000000000008 b LuaRuntime::(anonymous namespace)::g_FontLoad
0000000000336bf8 0000000000000008 b LuaRuntime::(anonymous namespace)::g_FontDestructor
0000000000336c00 0000000000000008 b LuaRuntime::(anonymous namespace)::g_FontCtor
0000000000336c08 0000000000000008 b LuaRuntime::(anonymous namespace)::g_InputGetActionValue
0000000000336c10 0000000000000008 b LuaRuntime::(anonymous namespace)::g_InputIsActionTriggered
0000000000336c18 0000000000000008 b LuaRuntime::(anonymous namespace)::g_InputIsActionPressed
0000000000336c20 0000000000000008 b LuaRuntime::(anonymous namespace)::g_RngNext
0000000000336c28 0000000000000008 b LuaRuntime::(anonymous namespace)::g_RngSetSeed
0000000000336c30 0000000000000008 b LuaRuntime::(anonymous namespace)::g_MusicResume
0000000000336c38 0000000000000008 b LuaRuntime::(anonymous namespace)::g_MusicPause
0000000000336c40 0000000000000008 b LuaRuntime::(anonymous namespace)::g_MusicGetCurrentMusicId
0000000000336c48 0000000000000008 b LuaRuntime::(anonymous namespace)::g_GetRenderPosition
0000000000336c50 0000000000000008 b LuaRuntime::(anonymous namespace)::g_ItemPoolGetCollectible
0000000000336c58 0000000000000008 b LuaRuntime::(anonymous namespace)::g_RoomGetFrameCount
0000000000336c60 0000000000000008 b LuaRuntime::(anonymous namespace)::g_LevelIsNextStageAvailable
0000000000336c68 0000000000000008 b LuaRuntime::(anonymous namespace)::g_LevelGetAbsoluteStage
0000000000336c70 0000000000000008 b LuaRuntime::(anonymous namespace)::g_LevelIsAscent
0000000000336c78 0000000000000008 b LuaRuntime::(anonymous namespace)::g_GameIsGreedMode
0000000000336c80 0000000000000008 b LuaRuntime::(anonymous namespace)::g_GameIsPausedThunk
0000000000336c88 0000000000000008 b LuaRuntime::(anonymous namespace)::g_GameOwnerSlot
0000000000336c90 0000000000000008 b LuaRuntime::(anonymous namespace)::g_EngineModuleBase
0000000000336c98 0000000000000004 b LuaRuntime::(anonymous namespace)::g_PreparationStatus
0000000000336c9c 0000000000000004 b LuaRuntime::(anonymous namespace)::g_PreparationStep
0000000000336ca0 0000000000000004 b LuaRuntime::(anonymous namespace)::g_PostUpdateCount
0000000000336ca8 0000000000000008 b LuaRuntime::(anonymous namespace)::g_CurrentCallbackManager
0000000000336cb0 0000000000000001 b LuaRuntime::(anonymous namespace)::g_InPreGetCollectibleDispatch
0000000000336cb4 0000000000000004 b LuaRuntime::(anonymous namespace)::g_LastLuaErrorLength
0000000000336cb8 0000000000000100 b LuaRuntime::(anonymous namespace)::g_LastLuaErrorText
0000000000336db8 0000000000000004 b LuaRuntime::(anonymous namespace)::g_InManagedCallbackDispatch
0000000000336dbc 0000000000000004 b LuaRuntime::(anonymous namespace)::g_CallbackError
0000000000336dc0 0000000000000004 b LuaRuntime::(anonymous namespace)::g_Ready
0000000000336dc4 0000000000000001 b LuaRuntime::(anonymous namespace)::g_ModRegistered
0000000000336dc8 0000000000000008 b LuaRuntime::(anonymous namespace)::g_LuaState
0000000000336dd0 0000000000000004 b isaac::runtime::EngineGuardDispatchActive()::active
0000000000336dd8 0000000000000098 b isaac::runtime::EngineGuardRegionCache()::cache
0000000000336e70 0000000000000004 b (anonymous namespace)::g_WorkerHandle
0000000000337000 0000000000004000 b (anonymous namespace)::g_WorkerStack
000000000033b000 0000000000000004 b (anonymous namespace)::g_RuntimeState
000000000033b008 0000000000000028 b exl::patch::impl::s_Storage
000000000033b030 0000000002000000 b __fake_heap
000000000233b030 0000000000000004 b exl::util::impl::s_UserVersion
000000000233b034 0000000000000004 b exl::util::proc_handle::(anonymous namespace)::s_Handle
000000000233b038 0000000000000008 b exl::util::impl::mem_layout::s_ModuleBitset
000000000233b040 00000000000003a8 b exl::util::impl::mem_layout::s_ModuleInfos
000000000233b3e8 0000000000000010 b exl::util::mem_layout::s_Stack
000000000233b3f8 0000000000000010 b exl::util::mem_layout::s_Aslr
000000000233b408 0000000000000010 b exl::util::mem_layout::s_Heap
000000000233b418 0000000000000010 b exl::util::mem_layout::s_Alias
000000000233b428 0000000000000028 b exl::hook::nx64::s_HookJit
000000000233b450 0000000000000028 b exl::hook::nx64::s_InlineHookJit
000000000233b478 0000000000000004 b isaac::runtime::relay::(anonymous namespace)::s_ArenaReady
000000000233b480 0000000000000004 b isaac::runtime::relay::(anonymous namespace)::s_ArenaClaimed
000000000233b488 0000000000000008 b isaac::runtime::relay::(anonymous namespace)::s_InstalledCount
000000000233b490 0000000000000008 b isaac::runtime::relay::(anonymous namespace)::s_NextSlot
000000000233b498 0000000000000004 b isaac::runtime::relay::(anonymous namespace)::s_LastFailure
000000000233b4a0 0000000000000028 b isaac::runtime::relay::(anonymous namespace)::EntryRelayArena
000000000233b4c8 0000000000000050 b isaac::runtime::RuntimeKernel::Instance()::kernel
000000000233b518 0000000000000008 b isaac::runtime::(anonymous namespace)::g_PostUpdateDispatchCount
000000000233b520 0000000000000008 b isaac::runtime::(anonymous namespace)::g_sessionService
000000000233b528 0000000000000001 b isaac::runtime::(anonymous namespace)::g_engineCallsResolved
000000000233b530 0000000000000028 b isaac::runtime::(anonymous namespace)::g_engineCalls
000000000233b558 0000000000000090 b isaac::runtime::(anonymous namespace)::g_hostApiService
000000000233b5f0 0000000000000030 b isaac::runtime::(anonymous namespace)::g_fallbackEntries
000000000233b620 0000000000000030 b isaac::runtime::(anonymous namespace)::g_hookCallbacks
000000000233b650 0000000000000004 b isaac::runtime::(anonymous namespace)::g_LastFontLoadWord
000000000233b654 0000000000000004 b isaac::runtime::g_FontDrawAlpha
000000000233b658 0000000000000004 b isaac::runtime::g_FontIsLoadedResult
000000000233b65c 0000000000000004 b isaac::runtime::g_FontIsLoadedCalls
000000000233b660 0000000000000004 b isaac::runtime::g_FontLoadResult
000000000233b664 0000000000000004 b isaac::runtime::g_FontLoadCalls
000000000233b668 0000000000000004 b isaac::runtime::g_FontDrawBytes
000000000233b66c 0000000000000004 b isaac::runtime::g_FontDrawCalls
000000000233b670 0000000000000004 b isaac::runtime::g_LastNumPlayers
000000000233b674 0000000000000004 b isaac::runtime::g_LastIsPaused
000000000233b678 0000000000000004 b isaac::runtime::g_LastCountEnemies
000000000233b67c 0000000000000001 b isaac::runtime::(anonymous namespace)::g_EntityDataEpochValid
000000000233b680 0000000000000008 b isaac::runtime::(anonymous namespace)::g_EntityDataEpochList
000000000233b688 0000000000000008 b isaac::runtime::(anonymous namespace)::g_EntityDataEpochRoom
000000000233b690 0000000000000008 b isaac::runtime::(anonymous namespace)::g_EntityDataEpoch
000000000233b698 0000000000000008 b isaac::runtime::(anonymous namespace)::g_EntityDataClock
000000000233b6a0 0000000000000008 b isaac::runtime::(anonymous namespace)::g_QuerySeenCount
000000000233b6b0 0000000000008000 b isaac::runtime::(anonymous namespace)::g_QuerySeen
00000000023436b0 0000000000000008 b isaac::runtime::(anonymous namespace)::g_ResolverEnd
00000000023436b8 0000000000000008 b isaac::runtime::(anonymous namespace)::g_ResolverBegin
00000000023436c0 0000000000000004 b isaac::runtime::(anonymous namespace)::g_EnginePlayerLookupCount
00000000023436c8 0000000000000008 b isaac::runtime::(anonymous namespace)::g_EnginePlayerLookupVtable
00000000023436d0 0000000000000008 b isaac::runtime::(anonymous namespace)::g_EnginePlayerLookupFirst
00000000023436d8 0000000000000004 b isaac::runtime::(anonymous namespace)::g_EnginePlayerLookupStage
00000000023436e0 0000000000000004 b isaac::runtime::(anonymous namespace)::g_FindInRadiusLastRadius
00000000023436e8 0000000000000004 b isaac::runtime::(anonymous namespace)::g_FindInRadiusLastMask
00000000023436f0 0000000000000004 b isaac::runtime::(anonymous namespace)::g_FindInRadiusFingerprint
00000000023436f8 0000000000000004 b isaac::runtime::(anonymous namespace)::g_FindInRadiusRoomOk
0000000002343700 0000000000000004 b isaac::runtime::(anonymous namespace)::g_FindInRadiusEffects
0000000002343708 0000000000000004 b isaac::runtime::(anonymous namespace)::g_FindInRadiusPlayers
0000000002343710 0000000000000004 b isaac::runtime::(anonymous namespace)::g_FindInRadiusLive
0000000002343718 0000000000000004 b isaac::runtime::(anonymous namespace)::g_FindInRadiusResults
0000000002343720 0000000000000004 b isaac::runtime::(anonymous namespace)::g_FindInRadiusCalls
0000000002343728 0000000000000004 b isaac::runtime::(anonymous namespace)::g_GetPlayerFailure
0000000002343730 0000000000000004 b isaac::runtime::(anonymous namespace)::g_GetPlayerSuccess
0000000002343738 0000000000000008 b isaac::runtime::(anonymous namespace)::g_RunCallbackDepth
0000000002343740 0000000000000008 b isaac::runtime::(anonymous namespace)::g_StubWarned
0000000002343748 0000000000000004 b isaac::runtime::g_GetItemConfigProbe
0000000002343750 0000000000000004 b isaac::runtime::g_LastFrameCountResult
0000000002343758 0000000000000004 b isaac::runtime::g_LastEntitySpawnFrame
0000000002343760 0000000000000004 b isaac::runtime::g_LastGameFrameCount
0000000002343768 0000000000000004 b isaac::runtime::g_FrameCountPositive
0000000002343770 0000000000000004 b isaac::runtime::g_FrameCountProbeReads
0000000002343778 0000000000000004 b isaac::runtime::g_LastEntityPickupTouchedRaw
0000000002343780 0000000000000004 b isaac::runtime::g_EntityPickupTouchedTrue
0000000002343788 0000000000000004 b isaac::runtime::g_EntityPickupTouchedReads
0000000002343790 0000000000000008 b isaac::runtime::g_LastEntityStringFieldHead
0000000002343798 0000000000000004 b isaac::runtime::g_EntityStringFieldReads
00000000023437a0 0000000000000004 b isaac::runtime::g_LastEntitySubTypeValue
00000000023437a8 0000000000000004 b isaac::runtime::g_LastEntityVariantValue
00000000023437b0 0000000000000004 b isaac::runtime::g_LastEntityTypeValue
00000000023437b8 0000000000000004 b isaac::runtime::g_EntityTypeFieldReads
00000000023437bc 0000000000000004 b LuaRuntime::(anonymous namespace)::g_Unhooked
00000000023437c0 0000000000000004 b LuaRuntime::(anonymous namespace)::g_Dispatchable
00000000023437c8 0000000000000008 b LuaRuntime::(anonymous namespace)::g_RegisteredHigh
00000000023437d0 0000000000000008 b LuaRuntime::(anonymous namespace)::g_RegisteredLow
00000000023437d8 0000000000004018 b ModPersistence::detail::g_cache
00000000023477f0 0000000000000008 b ModPersistence::detail::g_filePort
00000000023477f8 0000000000000004 b isaac::runtime::(anonymous namespace)::g_ProbeCursesReads
00000000023477fc 0000000000000004 b isaac::runtime::(anonymous namespace)::g_ProbeCursesFlags
0000000002347800 0000000000000004 b isaac::runtime::(anonymous namespace)::g_ProbeBannedCurses
0000000002347804 0000000000000004 b isaac::runtime::(anonymous namespace)::g_ProbePermanentCurses
0000000002347808 0000000000000004 b isaac::runtime::(anonymous namespace)::g_ProbeRawCurses
000000000234780c 0000000000000004 b isaac::runtime::(anonymous namespace)::g_ReplaceSpritesheetCalls
0000000002347810 0000000000000008 b isaac::runtime::(anonymous namespace)::g_ReplaceSpritesheetNameHead
0000000002347818 0000000000000004 b isaac::runtime::(anonymous namespace)::g_ReplaceSpritesheetNameLength
0000000002347820 0000000000000008 b isaac::runtime::(anonymous namespace)::g_nativeStringCursor
0000000002347828 0000000000001c00 b isaac::runtime::(anonymous namespace)::g_nativeStrings
0000000002349428 0000000000000008 b isaac::runtime::(anonymous namespace)::RequireClampVectors(lua_State*, int, LuaRuntime::VectorHandle**, LuaRuntime::VectorHandle**)::zero
0000000002349430 0000000000000008 b isaac::runtime::(anonymous namespace)::g_SpriteGetTexelLastWord
0000000002349438 0000000000000004 b isaac::runtime::(anonymous namespace)::g_SpriteGetTexelLastReason
000000000234943c 0000000000000004 b isaac::runtime::(anonymous namespace)::g_SpriteGetTexelFallbacks
0000000002349440 0000000000000004 b isaac::runtime::(anonymous namespace)::g_SpriteGetTexelCalls
0000000002349444 0000000000000020 b g_pluginNote
0000000002349470 0000000000000200 b self_journal::g_threadTlsBlock
0000000002349670 0000000000000018 b self_journal::g_lastResults
0000000002349688 0000000000000004 b self_journal::g_tlsState
000000000234968c 0000000000000004 b self_journal::g_serviceState
0000000002349690 0000000000000004 b self_journal::g_lastMarker
0000000002349694 0000000000000004 b self_journal::g_totalRecords
0000000002349698 0000000000000010 b self_journal::g_records
00000000023496a8 0000000000000010 b self_journal::g_attempts
00000000023496b8 0000000000000008 b g_runtimeSelfAddress
00000000023496c0 0000000000000160 b (anonymous namespace)::g_diagnosticSessionStorage
0000000002349820 00000000000000c8 b (anonymous namespace)::g_diagnosticPortStorage
00000000023498e8 0000000000000004 b (anonymous namespace)::g_diagnosticHandshake
00000000023498ec 0000000000000004 b (anonymous namespace)::g_diagnosticRegistrationCalls
00000000023498f0 0000000000000001 b (anonymous namespace)::g_diagnosticGateStoppedEarly
00000000023498f1 0000000000000001 b (anonymous namespace)::g_diagnosticSessionCreated
00000000023498f8 0000000000000020 b (anonymous namespace)::g_diagnosticFileApi
0000000002349918 0000000000000020 b ModPersistence::detail::g_rawFunctions
0000000002349938 0000000000000004 b (anonymous namespace)::g_diagnosticsAttach
0000000002349940 0000000000000004 b (anonymous namespace)::g_sequence
0000000002349948 0000000000000008 b (anonymous namespace)::g_stateDetail
0000000002349950 0000000000000001 b g_IsLegacyKernel
0000000002349958 0000000000000008 b g_Reservations
0000000002349960 0000000000000010 b g_StackRegion
0000000002349970 0000000000000010 b g_AslrRegion
0000000002349980 0000000000000010 b g_HeapRegion
0000000002349990 0000000000000010 b g_AliasRegion
00000000023499a0 0000000000000028 b (anonymous namespace)::emergency_pool
00000000023499c8 0000000000000004 b init
00000000023499cc 0000000000000001 b __eh_globals_init::_S_init
00000000023499d0 0000000000000010 b (anonymous namespace)::eh_globals
00000000023499e0 0000000000000008 b (anonymous namespace)::__new_handler
00000000023499e8 0000000000000020 b std::string::_Rep::_S_empty_rep_storage
0000000002349a08 0000000000000004 b once_regsizes.0
0000000002349a10 0000000000000062 b dwarf_reg_size_table
0000000002349a78 000000000000000c b object_mutex
0000000002349a88 0000000000000008 b seen_objects
0000000002349a90 0000000000000008 b unseen_objects
0000000002349a98 0000000000000008 b __sfp_recursive_mutex
0000000002349aa0 0000000000000228 b __sf
0000000002349cc8 0000000000000008 b __stdio_exit_handler
0000000002349cd0 0000000000000008 b __malloc_recursive_mutex
0000000002349cd8 0000000000000008 b prev_tzenv
0000000002349ce0 000000000000000c b __tzname_dst
0000000002349cf0 000000000000000c b __tzname_std
0000000002349d00 0000000000000008 b __env_recursive_mutex
0000000002349d08 0000000000000008 b _timezone
0000000002349d10 0000000000000004 b _daylight
0000000002349d14 0000000000000004 b __tz_mutex
0000000002349d18 0000000000000008 b initial_env
0000000002349d20 0000000000000050 b __malloc_current_mallinfo
0000000002349d70 0000000000000008 b __malloc_max_total_mem
0000000002349d78 0000000000000008 b __malloc_max_sbrked_mem
0000000002349d80 0000000000000008 b __malloc_top_pad
0000000002349d88 0000000000000004 b __hndl_lock
0000000002349d90 0000000000000008 b fake_heap_start
0000000002349d98 0000000000000008 b fake_heap_end
0000000002349da0 0000000000000004 b __pthread_once_cv
0000000002349da4 0000000000000004 b __pthread_once_lock
0000000002349da8 0000000000000008 b heap_start.0
0000000002349db0 b __bss_end__
000000000234a000 b __argdata__
000000000234a000 A __end__
